Workbook

Sheet Data Fields
A1: Data Parameter | B1: Format - or example data | C1: Unit | D1: Data Type | E1: Process Field | F1: Calculation (if necessary) | G1: Notes
A2: Sample Site | B2: C-[X] | C2: unitless | D2: Select 1 of 12 | E2: Bulk Density
A3: Sample ID | B3: X15-46-[CX] | C3: unitless | D3: User Entry | E3: Bulk Density | G3: Naming Conversion: JulianDate.SampleSite (This particular sample is named differently because it is an older sample taken before the current naming conversion)
A4: Initial Soil Wet Weight (entire core) | B4: 715 | C4: grams | D4: User Entry | E4: Bulk Density | G4: Three cores are taken (from the N, E, and W) of a "C" site for each "sample ID" record. Users will select N, E, or W each of the three measurments
A5: Wet Weight (sample) | B5: 4.14 | C5: grams | D5: User Entry | E5: Bulk Density | G5: Users will select N, E, or W each of the three measurments
A6: Oven Dry Weight (sample) | B6: 3.4 | C6: grams | D6: User Entry | E6: Bulk Density | G6: Users will select N, E, or W each of the three measurments
A7: Percent Moisture | B7: 17.874396 | C7: % | D7: Calculated | E7: Bulk Density | F7: ([[wet wt] - [dry wt]]/[wet wt]]* 100) | G7: Users will select N, E, or W each of the three measurments
A8: Calculated Dried Weight | B8: 587.19807 | C8: grams | D8: Calculated | E8: Bulk Density | F8: [Initial Soil Wet Weight]-[Percent Moisture/100)*[Initial Soil Wet Weight] | G8: Users will select N, E, or W each of the three measurments
A9: Bulk Density | B9: 1.1866626 | C9: g/cm3 | D9: Calculated | E9: Bulk Density | F9: [Calculated Dried Weight]/[Core Volume] | G9: Users will select N, E, or W each of the three measurments
A10: Mean Bulk Density | B10: 1.1438455 | C10: g/cm3 | D10: Calculated | E10: Bulk Density | F10: avg(Bulk Density[N], Bulk Density[E], Bulk Density[W])
A11: Core Type | B11: C1 | D11: Select C1-C5 | E11: Soil Core | G11: Users Select C1, C2, C3, C4, C5, Needs to be a way to override if user pulls a "short core"
A12: Core Radius | B12: 3.889375 | C12: cm | D12: Constant | E12: Soil Core | G12: This is the core radius for all cores taken prior to September 2019. Starting September 2019 the core radius is 3.81cm
A13: Core Height | B13: 10 | C13: cm | D13: Lookup | E13: Soil Core | G13: C1-C5 pertains to a core height
A14: Core Volume | B14: 475.23619 | C14: cm3 | D14: Constant | E14: Soil Core | G14: Core height varies depending if it is C1-C5
A15: Wt Silt | B15: 8.27 | C15: grams | D15: User Entry | E15: Elutriation | G15: Elutriation is done in 3 rounds, users will need to associate a weight measurement with a round
A16: Wt Clay | B16: 1.96 | C16: grams | D16: User Entry | E16: Elutriation | G16: Elutriation is done in 3 rounds, users will need to associate a weight measurement with a round
A17: Total Wt | B17: =B16+B15 -> 10.23 | C17: grams | D17: Calculated | E17: Elutriation | G17: Elutriation is done in 3 rounds, users will need to associate a weight measurement with a round
A18: Silt (%) | B18: 80.840665 | C18: % | D18: Calculated | E18: Elutriation | F18: wt silt/Total wt *100% | G18: Elutriation is done in 3 rounds, users will need to associate a % measurement with a round
A19: Clay (%) | B19: 19.159335 | C19: % | D19: Calculated | E19: Elutriation | F19: wt clay/Total wt *100% | G19: Elutriation is done in 3 rounds, users will need to associate a % measurement with a round
A20: Mean Silt (%) | B20: 81.109241 | C20: % | D20: Calculated | E20: Elutriation | F20: avg(Round1 silt%, Round 2 silt%, Round 3 silt%)
A21: Mean Clay (%) | B21: 18.890759 | C21: % | D21: Calculated | E21: Elutriation | F21: avg(Round1clay%, Round 2 clay%, Round3clay%)
A22: Weight #10 | B22: 19.64 | C22: grams | D22: User Entry | E22: Wet Sieve
A23: Weight #18 | B23: 11.23 | C23: grams | D23: User Entry | E23: Wet Sieve
A24: Weight #35 | B24: 7.32 | C24: grams | D24: User Entry | E24: Wet Sieve
A25: Weight #60 | B25: 7.43 | C25: grams | D25: User Entry | E25: Wet Sieve
A26: Weight #120 | B26: 9.89 | C26: grams | D26: User Entry | E26: Wet Sieve
A27: Weight #200 | B27: 9.6 | C27: grams | D27: User Entry | E27: Wet Sieve
A28: Weight #230 | B28: 3.57 | C28: grams | D28: User Entry | E28: Wet Sieve
A29: Weight Pan Sample | B29: 241.02 | C29: grams | D29: User Entry | E29: Wet Sieve
A30: Sum (Total Wet Sieve) | B30: =SUM(B22:B29) -> 309.7 | C30: grams | D30: Calculated | E30: Wet Sieve | F30: sum(Wt#10,#18…Pan Sample)
A31: Percent #10 | B31: =B22/$B$30*100 -> 6.3416209 | C31: % | D31: Calculated | E31: Wet Sieve | F31: Weight#10/Sum Total Wet Sieve*100
A32: Percent #18 | B32: =B23/$B$30*100 -> 3.6260898 | C32: % | D32: Calculated | E32: Wet Sieve | F32: Weight#18/Sum Total Wet Sieve*100
A33: Percent #35 | B33: =B24/$B$30*100 -> 2.3635777 | C33: % | D33: Calculated | E33: Wet Sieve | F33: Weight#35/Sum Total Wet Sieve*100
A34: Percent #60 | B34: =B25/$B$30*100 -> 2.3990959 | C34: % | D34: Calculated | E34: Wet Sieve | F34: Weight#60/Sum Total Wet Sieve*100
A35: Percent #120 | B35: =B26/$B$30*100 -> 3.193413 | C35: % | D35: Calculated | E35: Wet Sieve | F35: Weight#120/Sum Total Wet Sieve*100
A36: Percent #200 | B36: =B27/$B$30*100 -> 3.099774 | C36: % | D36: Calculated | E36: Wet Sieve | F36: Weight#200/Sum Total Wet Sieve*100
A37: Percent #230 | B37: =B28/$B$30*100 -> 1.1527284 | C37: % | D37: Calculated | E37: Wet Sieve | F37: Weight#230/Sum Total Wet Sieve*100
A38: Percent Pan | B38: =B29/$B$30*100 -> 77.8237 | C38: % | D38: Calculated | E38: Wet Sieve | F38: Wt. Pan Sample/Sum total Wet Sieve*100
A39: Pebbles | B39: =B31 -> 6.3416209 | C39: % | D39: Calculated | E39: Wet Sieve | F39: = Percent #10
A40: Very Coarse Sand | B40: =B32 -> 3.6260898 | C40: % | D40: Calculated | E40: Wet Sieve | F40: = Percent #18
A41: Coarse Sand | B41: =B33 -> 2.3635777 | C41: % | D41: Calculated | E41: Wet Sieve | F41: = Percent #35
A42: Medium Sand | B42: =B34 -> 2.3990959 | C42: % | D42: Calculated | E42: Wet Sieve | F42: = Percent #60
A43: Fine Sand | B43: =B35 -> 3.193413 | C43: % | D43: Calculated | E43: Wet Sieve | F43: = Percent #120
A44: Very Fine Sand | B44: 4.2525024 | C44: % | D44: Calculated | E44: Wet Sieve | F44: = Percent #200 + Percent #230
A45: Percent Silt | B45: 63.122213 | C45: % | D45: Calculated | E45: Wet Sieve | F45: = Mean Silt %*Percent Pan
A46: Percent Clay | B46: 14.701488 | C46: % | D46: Calculated | E46: Wet Sieve | F46: = Mean Clay %*Percent Pan
A47: Weight #5 | B47: 66.91 | C47: grams | D47: User Entry | E47: Dry Sieve
A48: Weight #10 | B48: 28.51 | C48: grams | D48: User Entry | E48: Dry Sieve
A49: Weight #18 | B49: 27.78 | C49: grams | D49: User Entry | E49: Dry Sieve
A50: Weight #35 | B50: 17.01 | C50: grams | D50: User Entry | E50: Dry Sieve
A51: Weight #60 | B51: 8.65 | C51: grams | D51: User Entry | E51: Dry Sieve
A52: Weight #120 | B52: 3.02 | C52: grams | D52: User Entry | E52: Dry Sieve
A53: Weight #200 | B53: 0.86 | C53: grams | D53: User Entry | E53: Dry Sieve
A54: Weight <200 | B54: 0.56 | C54: grams | D54: User Entry | E54: Dry Sieve
A55: Sum: WT | B55: =SUM(B47:B54) -> 153.3 | C55: grams | D55: Calculated | E55: Dry Sieve | F55: sum(Wt #5,#10,#18…<200)
A56: Crucible Weight | B56: 63.077 | C56: grams | D56: User Entry | E56: Loss on Ignition | G56: 4 samples are taken for each loss on ignition (LOI) test, user will need to associate weights with Sample 1,2,3, or 4)
A57: Initial Soil Weight | B57: 5 | C57: grams | D57: User Entry | E57: Loss on Ignition | G57: 4 samples are taken for each loss on ignition (LOI) test, user will need to associate weights with Sample 1,2,3, or 4)
A58: Weight After LOI | B58: 67.834 | C58: grams | D58: User Entry | E58: Loss on Ignition | G58: 4 samples are taken for each loss on ignition (LOI) test, user will need to associate weights with Sample 1,2,3, or 4)
A59: Final Soil | B59: =B58-B56 -> 4.757 | C59: grams | D59: Calculated | E59: Loss on Ignition | F59: wt. after LOI-crucible wt. | G59: 4 samples are taken for each loss on ignition (LOI) test, user will need to associate weights with Sample 1,2,3, or 4)
A60: % Organic Matter (Sample) | B60: =(B57-B59)/B57*100 -> 4.86 | C60: % | D60: Calculated | E60: Loss on Ignition | F60: (init soil wt-Final soil wt)/init soil wt * 100% | G60: 4 samples are taken for each loss on ignition (LOI) test, user will need to associate weights with Sample 1,2,3, or 4)
A61: Mean % Organic Matter | B61: =AVERAGE(B60,B60,B60,B60) -> 4.86 | C61: % | D61: Calculated | E61: Loss on Ignition | F61: average(Sample 1 %OM...Sample 4 %OM)
A62: Carbon/Organic Matter ratio | B62: 0.48 | C62: number | D62: Constant | E62: Loss on Ignition
A63: % Carbon | B63: =B62*B61 -> 2.3328 | C63: % | D63: Calculated | E63: Loss on Ignition | F63: [Carbon/OM ratio] * Mean % OM
A64: Volume of Soil/Hectare | B64: =B13*100 -> 1000 | C64: m3 | D64: Calculated | E64: Loss on Ignition | F64: Core Heigh (in cm) * 100
A65: Kg Soil/Hectare | B65: 1191009.5 | C65: Kg | D65: Calculated | E65: Loss on Ignition | F65: Mean Bulk Density*[Kg Soil/Hectare]*1000
A66: Kg Carbon/Hectare | B66: 28158.284 | C66: Kg | D66: Calculated | E66: Loss on Ignition | F66: [Kg Soil/hectare]*[% Carbon]
A67: Tons Carbon / Acre | B67: =B66*0.00110231/2.47105 -> 12.561121 | C67: Tons | D67: Calculated | E67: Loss on Ignition | F67: [Kg Carbon/Hectare]*.00110231/2.47105 | G67: This is now included in the sample data sheet
A68: Initial Wt. Soil (g) Wₒ | B68: 4 | C68: grams | D68: User Entry | E68: Soil Aggregate Stability | G68: The dry sieve has organized the soil into different "Size Classes" of granularity. At each level, the stability is tested 4 times and then averaged. Thus this data is associated with one of seven Size Classes (#5(#18) to #200 (#635)) and one of four tests (A, B, A1, and B1)
A69: Tin tare (g) | B69: 1.74 | C69: grams | D69: User Entry | E69: Soil Aggregate Stability | G69: The dry sieve has organized the soil into different "Size Classes" of granularity. At each level, the stability is tested 4 times and then averaged. Thus this data is associated with one of seven Size Classes (#5(#18) to #200 (#635)) and one of four tests (A, B, A1, and B1)
A70: Dry wt. w/ tin (g) | B70: 2.71 | C70: grams | D70: User Entry | E70: Soil Aggregate Stability | G70: The dry sieve has organized the soil into different "Size Classes" of granularity. At each level, the stability is tested 4 times and then averaged. Thus this data is associated with one of seven Size Classes (#5(#18) to #200 (#635)) and one of four tests (A, B, A1, and B1)
A71: Wₐ (g) | B71: =(B70-B69) -> 0.97 | C71: grams | D71: Calculated | E71: Soil Aggregate Stability | F71: [Dry weight w/tin] - [Tin tare] | G71: The dry sieve has organized the soil into different "Size Classes" of granularity. At each level, the stability is tested 4 times and then averaged. Thus this data is associated with one of seven Size Classes (#5(#18) to #200 (#635)) and one of four tests (A, B, A1, and B1)
A72: Coarse wt. w/ tin (g) | B72: 1.97 | C72: grams | D72: User Entry | E72: Soil Aggregate Stability | G72: The dry sieve has organized the soil into different "Size Classes" of granularity. At each level, the stability is tested 4 times and then averaged. Thus this data is associated with one of seven Size Classes (#5(#18) to #200 (#635)) and one of four tests (A, B, A1, and B1)
A73: Wc (g) | B73: =(B72-B69) -> 0.23 | C73: grams | D73: Calculated | E73: Soil Aggregate Stability | F73: [Course Wt w/tin] - [Tin Tare] | G73: The dry sieve has organized the soil into different "Size Classes" of granularity. At each level, the stability is tested 4 times and then averaged. Thus this data is associated with one of seven Size Classes (#5(#18) to #200 (#635)) and one of four tests (A, B, A1, and B1)
A74: WSAi (%) | B74: =((B71-B73)/B68)*100 -> 18.5 | C74: % | D74: Calculated | E74: Soil Aggregate Stability | F74: ([Wa]-[Wc])/Wo)*100 | G74: The dry sieve has organized the soil into different "Size Classes" of granularity. At each level, the stability is tested 4 times and then averaged. Thus this data is associated with one of seven Size Classes (#5(#18) to #200 (#635)) and one of four tests (A, B, A1, and B1)
A75: Mean Initial Wt | B75: =AVERAGE(B68,B68,B68,B68) -> 4 | C75: grams | D75: Calculated | E75: Soil Aggregate Stability | F75: average([Initial Wt. Soil-A...B, A1,B1] | G75: User selects one of 7 Size Classes(no need to select a sample - ie A, B, A1, B1 - as user is averaging each of them)
A76: Mean Wc | B76: =AVERAGE(B73,B73,B73,B73) -> 0.23 | C76: grams | D76: Calculated | E76: Soil Aggregate Stability | F76: average(Wc-A...B, A1, B1) | G76: User selects one of 7 Size Classes(no need to select a sample - ie A, B, A1, B1 - as user is averaging each of them)
A77: Mean WSAi | B77: =AVERAGE(B74,B74,B74,B74) -> 18.5 | C77: grams | D77: Calculated | E77: Soil Aggregate Stability | F77: average(WSA-A, WSA-B, WSA-A1, WSA-B1) (different entry for each size class) | G77: User selects one of 7 Size Classes(no need to select a sample - ie A, B, A1, B1 - as user is averaging each of them)
A78: Total Weight per Size Class | B78: =B47 -> 66.91 | C78: grams | D78: Lookup | E78: Soil Aggregate Stability | F78: =Dry Sieve Weight[each size class] | G78: User selects one of 7 Size Classes(no need to select a sample - ie A, B, A1, B1 - as user is averaging each of them)
A79: Total Summed Weight | B79: =B55 -> 153.3 | C79: grams | D79: Lookup | E79: Soil Aggregate Stability | F79: =Dry Sieve [Sum Total Weight] | G79: User selects one of 7 Size Classes(no need to select a sample - ie A, B, A1, B1 - as user is averaging each of them)
A80: Proportionate Aggregate | B80: =(B78-((B76/B75)*B78))/B79 -> 0.41136774 | C80: grams | D80: Calculated | E80: Soil Aggregate Stability | F80: = Total Summed Weight[spec class]-(Mean Wc[spec class]/MeanWo[spec class] | G80: User selects one of 7 Size Classes(no need to select a sample - ie A, B, A1, B1 - as user is averaging each of them)
A81: Stability Index #18 | B81: =7*$B$80*($B$77/100)/7 -> 0.076103032 | C81: unitless | D81: Calculated | E81: Soil Aggregate Stability | F81: 7*[Proportionate Aggregte)*[Mean Wc]/100)/7
A82: Stability Index #35 | B82: =6*$B$80*($B$77/100)/7 -> 0.065231171 | C82: unitless | D82: Calculated | E82: Soil Aggregate Stability | F82: 6*[Proportionate Aggregte)*[Mean Wc]/100)/7
A83: Stability Index #60 | B83: =5*$B$80*($B$77/100)/7 -> 0.054359309 | C83: unitless | D83: Calculated | E83: Soil Aggregate Stability | F83: 5*[Proportionate Aggregte)*[Mean Wc]/100)/7
A84: Stability Index #120 | B84: =4*$B$80*($B$77/100)/7 -> 0.043487447 | C84: unitless | D84: Calculated | E84: Soil Aggregate Stability | F84: 4*[Proportionate Aggregte)*[Mean Wc]/100)/7
A85: Stability Index #230 | B85: =3*$B$80*($B$77/100)/7 -> 0.032615585 | C85: unitless | D85: Calculated | E85: Soil Aggregate Stability | F85: 3*[Proportionate Aggregte)*[Mean Wc]/100)/7
A86: Stability Index #450 | B86: =2*$B$80*($B$77/100)/7 -> 0.021743724 | C86: unitless | D86: Calculated | E86: Soil Aggregate Stability | F86: 2*[Proportionate Aggregte)*[Mean Wc]/100)/7
A87: Stability Index #635 | B87: =1*$B$80*($B$77/100)/7 -> 0.010871862 | C87: unitless | D87: Calculated | E87: Soil Aggregate Stability | F87: 1*[Proportionate Aggregte)*[Mean Wc]/100)/7
A88: Whole Soil Stability Index (WSSI) | B88: =SUM(B81:B87) -> 0.30441213 | C88: unitless | D88: Calculated | E88: Soil Aggregate Stability | F88: Sum(Proportionate Aggregate 18, 35…635)

Sheet Samples
A1: sample_id | B1: sample_date | C1: csite
A2: X11.1 | B2: 42160 | C2: CSITE 02
A3: X11.2 | B3: 42163 | C3: CSITE 11
A4: X11.3 | B4: 42165 | C4: CSITE 09
A5: X11.4 | B5: 42166 | C5: CSITE 01
A6: X11.5 | B6: 42166 | C6: CSITE 03
A7: X11.6 | B7: 42167 | C7: CSITE 10
A8: X11.7 | B8: 42174 | C8: CSITE 05
A9: X11.9 | B9: 42175 | C9: CSITE 06
A10: X11.10 | B10: 42178 | C10: CSITE 04
A11: X11.11 | B11: 42179 | C11: CSITE 12
A12: X11.12 | B12: 42179 | C12: CSITE 08
A13: X11.13 | B13: 42180 | C13: CSITE 07
... A151: 20107.EF02 | B151: 43937 | C151: EF02

Sheet Sample ID by Horizon
A1: Current Horizon ID | B1: Sample Date | C1: Site
A2: X11.1.H1 | B2: 42160 | C2: =VLOOKUP(LEFT(A2,LEN(A2)-3),Samples!$A$1:$C$151,3,FALSE) -> CSITE 02
A3: X11.2.H1 | B3: 42163 | C3: =VLOOKUP(LEFT(A3,LEN(A3)-3),Samples!$A$1:$C$151,3,FALSE) -> CSITE 11
A4: X11.3.H1 | B4: 42165 | C4: =VLOOKUP(LEFT(A4,LEN(A4)-3),Samples!$A$1:$C$151,3,FALSE) -> CSITE 09
A5: X11.4.H1 | B5: 42166 | C5: =VLOOKUP(LEFT(A5,LEN(A5)-3),Samples!$A$1:$C$151,3,FALSE) -> CSITE 01
A6: X11.5.H1 | B6: 42166 | C6: =VLOOKUP(LEFT(A6,LEN(A6)-3),Samples!$A$1:$C$151,3,FALSE) -> CSITE 03
A7: X11.6.H1 | B7: 42167 | C7: =VLOOKUP(LEFT(A7,LEN(A7)-3),Samples!$A$1:$C$151,3,FALSE) -> CSITE 10
A8: X11.7.H1 | B8: 42174 | C8: =VLOOKUP(LEFT(A8,LEN(A8)-3),Samples!$A$1:$C$151,3,FALSE) -> CSITE 05
A9: X11.9.H1 | B9: 42175 | C9: =VLOOKUP(LEFT(A9,LEN(A9)-3),Samples!$A$1:$C$151,3,FALSE) -> CSITE 06
A10: X11.10.H1 | B10: 42178 | C10: =VLOOKUP(LEFT(A10,LEN(A10)-3),Samples!$A$1:$C$151,3,FALSE) -> CSITE 04
A11: X11.12.H1 | B11: 42179 | C11: =VLOOKUP(LEFT(A11,LEN(A11)-3),Samples!$A$1:$C$151,3,FALSE) -> CSITE 08
A12: X11.11.H1 | B12: 42179 | C12: =VLOOKUP(LEFT(A12,LEN(A12)-3),Samples!$A$1:$C$151,3,FALSE) -> CSITE 12
A13: X11.13.H1 | B13: 42180 | C13: =VLOOKUP(LEFT(A13,LEN(A13)-3),Samples!$A$1:$C$151,3,FALSE) -> CSITE 07
... A538: 20107.EF02.C5 | B538: 43937 | C538: =VLOOKUP(LEFT(A538,LEN(A538)-3),Samples!$A$1:$C$151,3,FALSE) -> EF02
A539: 20326.CS01.S1 | B539: 44156 | C539: CSITE 01
A540: 20326.CS01.S2 | B540: 44156 | C540: CSITE 01
A541: 20326.CS01.S3 | B541: 44156 | C541: CSITE 01
A542: 20326.CS01.S4 | B542: 44156 | C542: CSITE 01
A543: 20326.CS01.S5 | B543: 44156 | C543: CSITE 01
A544: 20326.CS01.S6 | B544: 44156 | C544: CSITE 01
A545: 20326.CS01.S7 | B545: 44156 | C545: CSITE 01
A546: 20326.CS01.S8 | B546: 44156 | C546: CSITE 01
A547: 20326.CS01.S9 | B547: 44156 | C547: CSITE 01
A548: 20326.CS01.S10 | B548: 44156 | C548: CSITE 01
A549: 20326.CS01.S11 | B549: 44156 | C549: CSITE 01
A550: 20326.CS01.S12 | B550: 44156 | C550: CSITE 01
... A867: 18202.IES4.C5 | B867: 43302 | C867: IES4

Sheet Sites
A1: csite | B1: field_name | C1: soil_group | D1: texture
A2: CSITE1 | B2: MC 1 | C2: Knickerbocker | D2: Fine sandy loam
A3: CSITE2 | B3: MC 9 | C3: Niagara | D3: Silt loam
A4: CSITE3 | B4: MC 6 | C4: Niagara | D4: Silt loam
A5: CSITE4 | B5: HM 13 | C5: Hoosic | D5: Gravelly sandy loam
A6: CSITE5 | B6: MS 8 | C6: Collamer | D6: Silt loam
A7: CSITE6 | B7: CP 5B | C7: Collamer | D7: Silt loam
A8: CSITE7 | B8: CP 6C | C8: Collamer | D8: Silt loam
A9: CSITE8 | B9: HF 2A | C9: Knickerbocker | D9: Fine sandy loam
A10: CSITE9 | B10: RBD 3 | C10: Nassau | D10: Channery silt loam
A11: CSITE10 | B11: RBD 2 | C11: Blasdell | D11: Channery loam
A12: CSITE12 | B12: WA 5B | C12: Hoosic | D12: Gravelly sandy loam
... A40: NT2 | B40: BBC | C40: Collamer | D40: Silt Loam

Sheet Bulk Density
A1: Date | B1: CSite | C1: Sample_ID | D1: Sample Core ID (Shared Identifier) | E1: Core Direction | F1: Initial Soil Wet Weight (Entire Core) | G1: Wet Weight (sample) | H1: Oven Dry Weight (sample) | I1: Percent Moisture | J1: Calculated Dried Weight | K1: Core Radius | L1: Core Height | M1: Core Volume | N1: Bulk Density | O1: mean bulk density pantheon formula | P1: volume of soil pantheon formula | Q1: kg soil/ha pantheon formula
A2: =VLOOKUP(D2,'Sample ID by Horizon'!A:B,2,FALSE) -> 42160 | B2: =VLOOKUP(C2,Samples!A:C,3,FALSE) -> CSITE 02 | C2: =LEFT(D2,LEN(D2)-3) -> X11.1 | D2: X11.1.H1 | K2: 3.6 | L2: 15 | M2: =L2*PI()*K2^2 -> 610.72561 | O2: 2.4593696 | P2: =SUMIF(D:D,D2,L:L)/COUNTIF(D:D,D2)*100 -> 1500 | Q2: =O2*P2*1000 -> 3689054.4
A3: =VLOOKUP(D3,'Sample ID by Horizon'!A:B,2,FALSE) -> 42163 | B3: =VLOOKUP(C3,Samples!A:C,3,FALSE) -> CSITE 11 | C3: =LEFT(D3,LEN(D3)-3) -> X11.2 | D3: X11.2.H1 | K3: 3.6 | L3: 15 | M3: =L3*PI()*K3^2 -> 610.72561 | O3: 2.0688505 | P3: =SUMIF(D:D,D3,L:L)/COUNTIF(D:D,D3)*100 -> 1500 | Q3: =O3*P3*1000 -> 3103275.8
A4: =VLOOKUP(D4,'Sample ID by Horizon'!A:B,2,FALSE) -> 42165 | B4: =VLOOKUP(C4,Samples!A:C,3,FALSE) -> CSITE 09 | C4: =LEFT(D4,LEN(D4)-3) -> X11.3 | D4: X11.3.H1 | K4: 3.6 | L4: 15 | M4: =L4*PI()*K4^2 -> 610.72561 | O4: 1.7945866 | P4: =SUMIF(D:D,D4,L:L)/COUNTIF(D:D,D4)*100 -> 1500 | Q4: =O4*P4*1000 -> 2691879.9
A5: =VLOOKUP(D5,'Sample ID by Horizon'!A:B,2,FALSE) -> 42166 | B5: =VLOOKUP(C5,Samples!A:C,3,FALSE) -> CSITE 01 | C5: =LEFT(D5,LEN(D5)-3) -> X11.4 | D5: X11.4.H1 | K5: 3.6 | L5: 15 | M5: =L5*PI()*K5^2 -> 610.72561 | O5: 2.1580886 | P5: =SUMIF(D:D,D5,L:L)/COUNTIF(D:D,D5)*100 -> 1500 | Q5: =O5*P5*1000 -> 3237132.9
A6: =VLOOKUP(D6,'Sample ID by Horizon'!A:B,2,FALSE) -> 42166 | B6: =VLOOKUP(C6,Samples!A:C,3,FALSE) -> CSITE 03 | C6: =LEFT(D6,LEN(D6)-3) -> X11.5 | D6: X11.5.H1 | K6: 3.6 | L6: 15 | M6: =L6*PI()*K6^2 -> 610.72561 | O6: 2.2096666 | P6: =SUMIF(D:D,D6,L:L)/COUNTIF(D:D,D6)*100 -> 1500 | Q6: =O6*P6*1000 -> 3314499.9
A7: =VLOOKUP(D7,'Sample ID by Horizon'!A:B,2,FALSE) -> 42167 | B7: =VLOOKUP(C7,Samples!A:C,3,FALSE) -> CSITE 10 | C7: =LEFT(D7,LEN(D7)-3) -> X11.6 | D7: X11.6.H1 | K7: 3.6 | L7: 15 | M7: =L7*PI()*K7^2 -> 610.72561 | O7: 2.3120039 | P7: =SUMIF(D:D,D7,L:L)/COUNTIF(D:D,D7)*100 -> 1500 | Q7: =O7*P7*1000 -> 3468005.9
A8: =VLOOKUP(D8,'Sample ID by Horizon'!A:B,2,FALSE) -> 42174 | B8: =VLOOKUP(C8,Samples!A:C,3,FALSE) -> CSITE 05 | C8: =LEFT(D8,LEN(D8)-3) -> X11.7 | D8: X11.7.H1 | K8: 3.6 | L8: 15 | M8: =L8*PI()*K8^2 -> 610.72561 | O8: 2.2137601 | P8: =SUMIF(D:D,D8,L:L)/COUNTIF(D:D,D8)*100 -> 1500 | Q8: =O8*P8*1000 -> 3320640.2
A9: =VLOOKUP(D9,'Sample ID by Horizon'!A:B,2,FALSE) -> 42175 | B9: =VLOOKUP(C9,Samples!A:C,3,FALSE) -> CSITE 06 | C9: =LEFT(D9,LEN(D9)-3) -> X11.9 | D9: X11.9.H1 | K9: 3.6 | L9: 15 | M9: =L9*PI()*K9^2 -> 610.72561 | O9: 1.9566889 | P9: =SUMIF(D:D,D9,L:L)/COUNTIF(D:D,D9)*100 -> 1500 | Q9: =O9*P9*1000 -> 2935033.3
A10: =VLOOKUP(D10,'Sample ID by Horizon'!A:B,2,FALSE) -> 42178 | B10: =VLOOKUP(C10,Samples!A:C,3,FALSE) -> CSITE 04 | C10: =LEFT(D10,LEN(D10)-3) -> X11.10 | D10: X11.10.H1 | K10: 3.6 | L10: 15 | M10: =L10*PI()*K10^2 -> 610.72561 | O10: 2.2964486 | P10: =SUMIF(D:D,D10,L:L)/COUNTIF(D:D,D10)*100 -> 1500 | Q10: =O10*P10*1000 -> 3444673
A11: =VLOOKUP(D11,'Sample ID by Horizon'!A:B,2,FALSE) -> 42179 | B11: =VLOOKUP(C11,Samples!A:C,3,FALSE) -> CSITE 08 | C11: =LEFT(D11,LEN(D11)-3) -> X11.12 | D11: X11.12.H1 | K11: 3.6 | L11: 15 | M11: =L11*PI()*K11^2 -> 610.72561 | O11: 2.2530576 | P11: =SUMIF(D:D,D11,L:L)/COUNTIF(D:D,D11)*100 -> 1500 | Q11: =O11*P11*1000 -> 3379586.4
A12: =VLOOKUP(D12,'Sample ID by Horizon'!A:B,2,FALSE) -> 42179 | B12: =VLOOKUP(C12,Samples!A:C,3,FALSE) -> CSITE 12 | C12: =LEFT(D12,LEN(D12)-3) -> X11.11 | D12: X11.11.H1 | K12: 3.6 | L12: 15 | M12: =L12*PI()*K12^2 -> 610.72561 | O12: 2.677962 | P12: =SUMIF(D:D,D12,L:L)/COUNTIF(D:D,D12)*100 -> 1500 | Q12: =O12*P12*1000 -> 4016943
A13: =VLOOKUP(D13,'Sample ID by Horizon'!A:B,2,FALSE) -> 42180 | B13: =VLOOKUP(C13,Samples!A:C,3,FALSE) -> CSITE 07 | C13: =LEFT(D13,LEN(D13)-3) -> X11.13 | D13: X11.13.H1 | K13: 3.6 | L13: 15 | M13: =L13*PI()*K13^2 -> 610.72561 | O13: 2.2841682 | P13: =SUMIF(D:D,D13,L:L)/COUNTIF(D:D,D13)*100 -> 1500 | Q13: =O13*P13*1000 -> 3426252.2
... A26: =VLOOKUP(D26,'Sample ID by Horizon'!A:B,2,FALSE) -> 42234 | B26: =VLOOKUP(C26,Samples!A:C,3,FALSE) -> CSITE 01 | C26: =LEFT(D26,LEN(D26)-3) -> X11.46 | D26: X11.46.H1 | K26: 3.6 | L26: 15 | M26: =L26*PI()*K26^2 -> 610.72561 | O26: 2.1580886 | P26: =SUMIF(D:D,D26,L:L)/COUNTIF(D:D,D26)*100 -> 1500 | Q26: =O26*P26*1000 -> 3237132.9
A27: =VLOOKUP(D27,'Sample ID by Horizon'!A:B,2,FALSE) -> 42234 | B27: =VLOOKUP(C27,Samples!A:C,3,FALSE) -> CSITE 01 | C27: =LEFT(D27,LEN(D27)-3) -> X11.46 | D27: X11.46.H2 | J27: 854 | K27: 3.6 | L27: 15 | M27: =L27*PI()*K27^2 -> 610.72561 | N27: =J27/M27 -> 1.3983366 | O27: =SUMIF(D:D,D27,N:N)/COUNTIF(D:D,D27) -> 1.3983366 | P27: =SUMIF(D:D,D27,L:L)/COUNTIF(D:D,D27)*100 -> 1500 | Q27: =O27*P27*1000 -> 2097505
A28: =VLOOKUP(D28,'Sample ID by Horizon'!A:B,2,FALSE) -> 42234 | B28: =VLOOKUP(C28,Samples!A:C,3,FALSE) -> CSITE 02 | C28: =LEFT(D28,LEN(D28)-3) -> X11.47 | D28: X11.47.H1 | K28: 3.6 | L28: 15 | M28: =L28*PI()*K28^2 -> 610.72561 | O28: 2.4593696 | P28: =SUMIF(D:D,D28,L:L)/COUNTIF(D:D,D28)*100 -> 1500 | Q28: =O28*P28*1000 -> 3689054.4
A29: =VLOOKUP(D29,'Sample ID by Horizon'!A:B,2,FALSE) -> 42234 | B29: =VLOOKUP(C29,Samples!A:C,3,FALSE) -> CSITE 02 | C29: =LEFT(D29,LEN(D29)-3) -> X11.47 | D29: X11.47.H2 | J29: 849 | K29: 3.6 | L29: 15 | M29: =L29*PI()*K29^2 -> 610.72561 | N29: =J29/M29 -> 1.3901497 | O29: =SUMIF(D:D,D29,N:N)/COUNTIF(D:D,D29) -> 1.3901497 | P29: =SUMIF(D:D,D29,L:L)/COUNTIF(D:D,D29)*100 -> 1500 | Q29: =O29*P29*1000 -> 2085224.5
A30: =VLOOKUP(D30,'Sample ID by Horizon'!A:B,2,FALSE) -> 42236 | B30: =VLOOKUP(C30,Samples!A:C,3,FALSE) -> CSITE 03 | C30: =LEFT(D30,LEN(D30)-3) -> X11.48 | D30: X11.48.H1 | K30: 3.6 | L30: 15 | M30: =L30*PI()*K30^2 -> 610.72561 | O30: 2.2096666 | P30: =SUMIF(D:D,D30,L:L)/COUNTIF(D:D,D30)*100 -> 1500 | Q30: =O30*P30*1000 -> 3314499.9
A31: =VLOOKUP(D31,'Sample ID by Horizon'!A:B,2,FALSE) -> 42236 | B31: =VLOOKUP(C31,Samples!A:C,3,FALSE) -> CSITE 03 | C31: =LEFT(D31,LEN(D31)-3) -> X11.48 | D31: X11.48.H2 | J31: 845 | K31: 3.6 | L31: 15 | M31: =L31*PI()*K31^2 -> 610.72561 | N31: =J31/M31 -> 1.3836001 | O31: =SUMIF(D:D,D31,N:N)/COUNTIF(D:D,D31) -> 1.3836001 | P31: =SUMIF(D:D,D31,L:L)/COUNTIF(D:D,D31)*100 -> 1500 | Q31: =O31*P31*1000 -> 2075400.1
A32: =VLOOKUP(D32,'Sample ID by Horizon'!A:B,2,FALSE) -> 42236 | B32: =VLOOKUP(C32,Samples!A:C,3,FALSE) -> CSITE 04 | C32: =LEFT(D32,LEN(D32)-3) -> X11.49 | D32: X11.49.H1 | K32: 3.6 | L32: 15 | M32: =L32*PI()*K32^2 -> 610.72561 | O32: 2.2964486 | P32: =SUMIF(D:D,D32,L:L)/COUNTIF(D:D,D32)*100 -> 1500 | Q32: =O32*P32*1000 -> 3444673
A33: =VLOOKUP(D33,'Sample ID by Horizon'!A:B,2,FALSE) -> 42236 | B33: =VLOOKUP(C33,Samples!A:C,3,FALSE) -> CSITE 04 | C33: =LEFT(D33,LEN(D33)-3) -> X11.49 | D33: X11.49.H2 | J33: 873 | K33: 3.6 | L33: 15 | M33: =L33*PI()*K33^2 -> 610.72561 | N33: =J33/M33 -> 1.4294472 | O33: =SUMIF(D:D,D33,N:N)/COUNTIF(D:D,D33) -> 1.4294472 | P33: =SUMIF(D:D,D33,L:L)/COUNTIF(D:D,D33)*100 -> 1500 | Q33: =O33*P33*1000 -> 2144170.8
A34: =VLOOKUP(D34,'Sample ID by Horizon'!A:B,2,FALSE) -> 42241 | B34: =VLOOKUP(C34,Samples!A:C,3,FALSE) -> CSITE 05 | C34: =LEFT(D34,LEN(D34)-3) -> X11.54 | D34: X11.54.H1 | K34: 3.6 | L34: 15 | M34: =L34*PI()*K34^2 -> 610.72561 | O34: 2.2137601 | P34: =SUMIF(D:D,D34,L:L)/COUNTIF(D:D,D34)*100 -> 1500 | Q34: =O34*P34*1000 -> 3320640.2
A35: =VLOOKUP(D35,'Sample ID by Horizon'!A:B,2,FALSE) -> 42241 | B35: =VLOOKUP(C35,Samples!A:C,3,FALSE) -> CSITE 05 | C35: =LEFT(D35,LEN(D35)-3) -> X11.54 | D35: X11.54.H2 | J35: 919 | K35: 3.6 | L35: 15 | M35: =L35*PI()*K35^2 -> 610.72561 | N35: =J35/M35 -> 1.5047674 | O35: =SUMIF(D:D,D35,N:N)/COUNTIF(D:D,D35) -> 1.5047674 | P35: =SUMIF(D:D,D35,L:L)/COUNTIF(D:D,D35)*100 -> 1500 | Q35: =O35*P35*1000 -> 2257151.1
A36: =VLOOKUP(D36,'Sample ID by Horizon'!A:B,2,FALSE) -> 42242 | B36: =VLOOKUP(C36,Samples!A:C,3,FALSE) -> CSITE 06 | C36: =LEFT(D36,LEN(D36)-3) -> X11.55 | D36: X11.55.H1 | K36: 3.6 | L36: 15 | M36: =L36*PI()*K36^2 -> 610.72561 | O36: 1.9566889 | P36: =SUMIF(D:D,D36,L:L)/COUNTIF(D:D,D36)*100 -> 1500 | Q36: =O36*P36*1000 -> 2935033.3
A37: =VLOOKUP(D37,'Sample ID by Horizon'!A:B,2,FALSE) -> 42242 | B37: =VLOOKUP(C37,Samples!A:C,3,FALSE) -> CSITE 06 | C37: =LEFT(D37,LEN(D37)-3) -> X11.55 | D37: X11.55.H2 | J37: 787 | K37: 3.6 | L37: 15 | M37: =L37*PI()*K37^2 -> 610.72561 | N37: =J37/M37 -> 1.2886311 | O37: =SUMIF(D:D,D37,N:N)/COUNTIF(D:D,D37) -> 1.2886311 | P37: =SUMIF(D:D,D37,L:L)/COUNTIF(D:D,D37)*100 -> 1500 | Q37: =O37*P37*1000 -> 1932946.6
A38: =VLOOKUP(D38,'Sample ID by Horizon'!A:B,2,FALSE) -> 42244 | B38: =VLOOKUP(C38,Samples!A:C,3,FALSE) -> CSITE 07 | C38: =LEFT(D38,LEN(D38)-3) -> X11.56 | D38: X11.56.H1 | K38: 3.6 | L38: 15 | M38: =L38*PI()*K38^2 -> 610.72561 | O38: 2.2841682 | P38: =SUMIF(D:D,D38,L:L)/COUNTIF(D:D,D38)*100 -> 1500 | Q38: =O38*P38*1000 -> 3426252.2
A39: =VLOOKUP(D39,'Sample ID by Horizon'!A:B,2,FALSE) -> 42244 | B39: =VLOOKUP(C39,Samples!A:C,3,FALSE) -> CSITE 07 | C39: =LEFT(D39,LEN(D39)-3) -> X11.56 | D39: X11.56.H2 | J39: 843 | K39: 3.6 | L39: 15 | M39: =L39*PI()*K39^2 -> 610.72561 | N39: =J39/M39 -> 1.3803253 | O39: =SUMIF(D:D,D39,N:N)/COUNTIF(D:D,D39) -> 1.3803253 | P39: =SUMIF(D:D,D39,L:L)/COUNTIF(D:D,D39)*100 -> 1500 | Q39: =O39*P39*1000 -> 2070487.9
A40: =VLOOKUP(D40,'Sample ID by Horizon'!A:B,2,FALSE) -> 42247 | B40: =VLOOKUP(C40,Samples!A:C,3,FALSE) -> CSITE 08 | C40: =LEFT(D40,LEN(D40)-3) -> X11.57 | D40: X11.57.H1 | K40: 3.6 | L40: 15 | M40: =L40*PI()*K40^2 -> 610.72561 | O40: 2.2530576 | P40: =SUMIF(D:D,D40,L:L)/COUNTIF(D:D,D40)*100 -> 1500 | Q40: =O40*P40*1000 -> 3379586.4
A41: =VLOOKUP(D41,'Sample ID by Horizon'!A:B,2,FALSE) -> 42247 | B41: =VLOOKUP(C41,Samples!A:C,3,FALSE) -> CSITE 08 | C41: =LEFT(D41,LEN(D41)-3) -> X11.57 | D41: X11.57.H2 | J41: 983 | K41: 3.6 | L41: 15 | M41: =L41*PI()*K41^2 -> 610.72561 | N41: =J41/M41 -> 1.6095608 | O41: =SUMIF(D:D,D41,N:N)/COUNTIF(D:D,D41) -> 1.6095608 | P41: =SUMIF(D:D,D41,L:L)/COUNTIF(D:D,D41)*100 -> 1500 | Q41: =O41*P41*1000 -> 2414341.2
A42: =VLOOKUP(D42,'Sample ID by Horizon'!A:B,2,FALSE) -> 42249 | B42: =VLOOKUP(C42,Samples!A:C,3,FALSE) -> CSITE 09 | C42: =LEFT(D42,LEN(D42)-3) -> X11.58 | D42: X11.58.H1 | K42: 3.6 | L42: 15 | M42: =L42*PI()*K42^2 -> 610.72561 | O42: 1.7945866 | P42: =SUMIF(D:D,D42,L:L)/COUNTIF(D:D,D42)*100 -> 1500 | Q42: =O42*P42*1000 -> 2691879.9
A43: =VLOOKUP(D43,'Sample ID by Horizon'!A:B,2,FALSE) -> 42249 | B43: =VLOOKUP(C43,Samples!A:C,3,FALSE) -> CSITE 09 | C43: =LEFT(D43,LEN(D43)-3) -> X11.58 | D43: X11.58.H2 | J43: 733 | K43: 3.6 | L43: 15 | M43: =L43*PI()*K43^2 -> 610.72561 | N43: =J43/M43 -> 1.2002117 | O43: =SUMIF(D:D,D43,N:N)/COUNTIF(D:D,D43) -> 1.2002117 | P43: =SUMIF(D:D,D43,L:L)/COUNTIF(D:D,D43)*100 -> 1500 | Q43: =O43*P43*1000 -> 1800317.5
A44: =VLOOKUP(D44,'Sample ID by Horizon'!A:B,2,FALSE) -> 42249 | B44: =VLOOKUP(C44,Samples!A:C,3,FALSE) -> CSITE 10 | C44: =LEFT(D44,LEN(D44)-3) -> X11.59 | D44: X11.59.H1 | K44: 3.6 | L44: 15 | M44: =L44*PI()*K44^2 -> 610.72561 | O44: 2.3120039 | P44: =SUMIF(D:D,D44,L:L)/COUNTIF(D:D,D44)*100 -> 1500 | Q44: =O44*P44*1000 -> 3468005.9
A45: =VLOOKUP(D45,'Sample ID by Horizon'!A:B,2,FALSE) -> 42249 | B45: =VLOOKUP(C45,Samples!A:C,3,FALSE) -> CSITE 10 | C45: =LEFT(D45,LEN(D45)-3) -> X11.59 | D45: X11.59.H2 | J45: 723 | K45: 3.6 | L45: 15 | M45: =L45*PI()*K45^2 -> 610.72561 | N45: =J45/M45 -> 1.1838377 | O45: =SUMIF(D:D,D45,N:N)/COUNTIF(D:D,D45) -> 1.1838377 | P45: =SUMIF(D:D,D45,L:L)/COUNTIF(D:D,D45)*100 -> 1500 | Q45: =O45*P45*1000 -> 1775756.5
A46: =VLOOKUP(D46,'Sample ID by Horizon'!A:B,2,FALSE) -> 42249 | B46: =VLOOKUP(C46,Samples!A:C,3,FALSE) -> CSITE 11 | C46: =LEFT(D46,LEN(D46)-3) -> X11.60 | D46: X11.60.H1 | K46: 3.6 | L46: 15 | M46: =L46*PI()*K46^2 -> 610.72561 | O46: 2.0688505 | P46: =SUMIF(D:D,D46,L:L)/COUNTIF(D:D,D46)*100 -> 1500 | Q46: =O46*P46*1000 -> 3103275.8
A47: =VLOOKUP(D47,'Sample ID by Horizon'!A:B,2,FALSE) -> 42249 | B47: =VLOOKUP(C47,Samples!A:C,3,FALSE) -> CSITE 11 | C47: =LEFT(D47,LEN(D47)-3) -> X11.60 | D47: X11.60.H2 | J47: 1079 | K47: 3.6 | L47: 15 | M47: =L47*PI()*K47^2 -> 610.72561 | N47: =J47/M47 -> 1.7667509 | O47: =SUMIF(D:D,D47,N:N)/COUNTIF(D:D,D47) -> 1.7667509 | P47: =SUMIF(D:D,D47,L:L)/COUNTIF(D:D,D47)*100 -> 1500 | Q47: =O47*P47*1000 -> 2650126.3
A48: =VLOOKUP(D48,'Sample ID by Horizon'!A:B,2,FALSE) -> 42249 | B48: =VLOOKUP(C48,Samples!A:C,3,FALSE) -> CSITE 12 | C48: =LEFT(D48,LEN(D48)-3) -> X11.61 | D48: X11.61.H1 | K48: 3.6 | L48: 15 | M48: =L48*PI()*K48^2 -> 610.72561 | O48: 2.677962 | P48: =SUMIF(D:D,D48,L:L)/COUNTIF(D:D,D48)*100 -> 1500 | Q48: =O48*P48*1000 -> 4016943
A49: =VLOOKUP(D49,'Sample ID by Horizon'!A:B,2,FALSE) -> 42249 | B49: =VLOOKUP(C49,Samples!A:C,3,FALSE) -> CSITE 12 | C49: =LEFT(D49,LEN(D49)-3) -> X11.61 | D49: X11.61.H2 | J49: 987 | K49: 3.6 | L49: 15 | M49: =L49*PI()*K49^2 -> 610.72561 | N49: =J49/M49 -> 1.6161104 | O49: =SUMIF(D:D,D49,N:N)/COUNTIF(D:D,D49) -> 1.6161104 | P49: =SUMIF(D:D,D49,L:L)/COUNTIF(D:D,D49)*100 -> 1500 | Q49: =O49*P49*1000 -> 2424165.6
A50: =VLOOKUP(D50,'Sample ID by Horizon'!A:B,2,FALSE) -> 42271 | B50: =VLOOKUP(C50,Samples!A:C,3,FALSE) -> CSITE 01 | C50: =LEFT(D50,LEN(D50)-3) -> X11.64 | D50: X11.64.H1 | J50: 1419 | K50: 3.6 | L50: 15 | M50: =L50*PI()*K50^2 -> 610.72561 | N50: =J50/M50 -> 2.3234657 | O50: =SUMIF(D:D,D50,N:N)/COUNTIF(D:D,D50) -> 2.3234657 | P50: =SUMIF(D:D,D50,L:L)/COUNTIF(D:D,D50)*100 -> 1500 | Q50: =O50*P50*1000 -> 3485198.5
A51: =VLOOKUP(D51,'Sample ID by Horizon'!A:B,2,FALSE) -> 42272 | B51: =VLOOKUP(C51,Samples!A:C,3,FALSE) -> CSITE 02 | C51: =LEFT(D51,LEN(D51)-3) -> X11.65 | D51: X11.65.H1 | J51: 1572 | K51: 3.6 | L51: 15 | M51: =L51*PI()*K51^2 -> 610.72561 | N51: =J51/M51 -> 2.5739874 | O51: =SUMIF(D:D,D51,N:N)/COUNTIF(D:D,D51) -> 2.5739874 | P51: =SUMIF(D:D,D51,L:L)/COUNTIF(D:D,D51)*100 -> 1500 | Q51: =O51*P51*1000 -> 3860981
A52: =VLOOKUP(D52,'Sample ID by Horizon'!A:B,2,FALSE) -> 42275 | B52: =VLOOKUP(C52,Samples!A:C,3,FALSE) -> CSITE 03 | C52: =LEFT(D52,LEN(D52)-3) -> X11.66 | D52: X11.66.H1 | J52: 1342 | K52: 3.6 | L52: 15 | M52: =L52*PI()*K52^2 -> 610.72561 | N52: =J52/M52 -> 2.1973861 | O52: =SUMIF(D:D,D52,N:N)/COUNTIF(D:D,D52) -> 2.1973861 | P52: =SUMIF(D:D,D52,L:L)/COUNTIF(D:D,D52)*100 -> 1500 | Q52: =O52*P52*1000 -> 3296079.2
A53: =VLOOKUP(D53,'Sample ID by Horizon'!A:B,2,FALSE) -> 42275 | B53: =VLOOKUP(C53,Samples!A:C,3,FALSE) -> CSITE 04 | C53: =LEFT(D53,LEN(D53)-3) -> X11.67 | D53: X11.67.H1 | J53: 1519 | K53: 3.6 | L53: 15 | M53: =L53*PI()*K53^2 -> 610.72561 | N53: =J53/M53 -> 2.4872053 | O53: =SUMIF(D:D,D53,N:N)/COUNTIF(D:D,D53) -> 2.4872053 | P53: =SUMIF(D:D,D53,L:L)/COUNTIF(D:D,D53)*100 -> 1500 | Q53: =O53*P53*1000 -> 3730808
A54: =VLOOKUP(D54,'Sample ID by Horizon'!A:B,2,FALSE) -> 42275 | B54: =VLOOKUP(C54,Samples!A:C,3,FALSE) -> CSITE 05 | C54: =LEFT(D54,LEN(D54)-3) -> X11.68 | D54: X11.68.H1 | J54: 1459 | K54: 3.6 | L54: 15 | M54: =L54*PI()*K54^2 -> 610.72561 | N54: =J54/M54 -> 2.3889615 | O54: =SUMIF(D:D,D54,N:N)/COUNTIF(D:D,D54) -> 2.3889615 | P54: =SUMIF(D:D,D54,L:L)/COUNTIF(D:D,D54)*100 -> 1500 | Q54: =O54*P54*1000 -> 3583442.3
A55: =VLOOKUP(D55,'Sample ID by Horizon'!A:B,2,FALSE) -> 42276 | B55: =VLOOKUP(C55,Samples!A:C,3,FALSE) -> CSITE 06 | C55: =LEFT(D55,LEN(D55)-3) -> X11.69 | D55: X11.69.H1 | J55: 1369 | K55: 3.6 | L55: 15 | M55: =L55*PI()*K55^2 -> 610.72561 | N55: =J55/M55 -> 2.2415959 | O55: =SUMIF(D:D,D55,N:N)/COUNTIF(D:D,D55) -> 2.2415959 | P55: =SUMIF(D:D,D55,L:L)/COUNTIF(D:D,D55)*100 -> 1500 | Q55: =O55*P55*1000 -> 3362393.8
A56: =VLOOKUP(D56,'Sample ID by Horizon'!A:B,2,FALSE) -> 42279 | B56: =VLOOKUP(C56,Samples!A:C,3,FALSE) -> CSITE 07 | C56: =LEFT(D56,LEN(D56)-3) -> X11.70 | D56: X11.70.H1 | J56: 1410 | K56: 3.6 | L56: 15 | M56: =L56*PI()*K56^2 -> 610.72561 | N56: =J56/M56 -> 2.3087291 | O56: =SUMIF(D:D,D56,N:N)/COUNTIF(D:D,D56) -> 2.3087291 | P56: =SUMIF(D:D,D56,L:L)/COUNTIF(D:D,D56)*100 -> 1500 | Q56: =O56*P56*1000 -> 3463093.7
A57: =VLOOKUP(D57,'Sample ID by Horizon'!A:B,2,FALSE) -> 42279 | B57: =VLOOKUP(C57,Samples!A:C,3,FALSE) -> CSITE 08 | C57: =LEFT(D57,LEN(D57)-3) -> X11.71 | D57: X11.71.H1 | J57: 1477 | K57: 3.6 | L57: 15 | M57: =L57*PI()*K57^2 -> 610.72561 | N57: =J57/M57 -> 2.4184347 | O57: =SUMIF(D:D,D57,N:N)/COUNTIF(D:D,D57) -> 2.4184347 | P57: =SUMIF(D:D,D57,L:L)/COUNTIF(D:D,D57)*100 -> 1500 | Q57: =O57*P57*1000 -> 3627652
A58: =VLOOKUP(D58,'Sample ID by Horizon'!A:B,2,FALSE) -> 42282 | B58: =VLOOKUP(C58,Samples!A:C,3,FALSE) -> CSITE 09 | C58: =LEFT(D58,LEN(D58)-3) -> X11.72 | D58: X11.72.H1 | J58: 1312 | K58: 3.6 | L58: 15 | M58: =L58*PI()*K58^2 -> 610.72561 | N58: =J58/M58 -> 2.1482643 | O58: =SUMIF(D:D,D58,N:N)/COUNTIF(D:D,D58) -> 2.1482643 | P58: =SUMIF(D:D,D58,L:L)/COUNTIF(D:D,D58)*100 -> 1500 | Q58: =O58*P58*1000 -> 3222396.4
A59: =VLOOKUP(D59,'Sample ID by Horizon'!A:B,2,FALSE) -> 42284 | B59: =VLOOKUP(C59,Samples!A:C,3,FALSE) -> CSITE 10 | C59: =LEFT(D59,LEN(D59)-3) -> X11.73 | D59: X11.73.H1 | J59: 1412 | K59: 3.6 | L59: 15 | M59: =L59*PI()*K59^2 -> 610.72561 | N59: =J59/M59 -> 2.3120039 | O59: =SUMIF(D:D,D59,N:N)/COUNTIF(D:D,D59) -> 2.3120039 | P59: =SUMIF(D:D,D59,L:L)/COUNTIF(D:D,D59)*100 -> 1500 | Q59: =O59*P59*1000 -> 3468005.9
A60: =VLOOKUP(D60,'Sample ID by Horizon'!A:B,2,FALSE) -> 42284 | B60: =VLOOKUP(C60,Samples!A:C,3,FALSE) -> CSITE 11 | C60: =LEFT(D60,LEN(D60)-3) -> X11.74 | D60: X11.74.H1 | J60: 1369 | K60: 3.6 | L60: 15 | M60: =L60*PI()*K60^2 -> 610.72561 | N60: =J60/M60 -> 2.2415959 | O60: =SUMIF(D:D,D60,N:N)/COUNTIF(D:D,D60) -> 2.2415959 | P60: =SUMIF(D:D,D60,L:L)/COUNTIF(D:D,D60)*100 -> 1500 | Q60: =O60*P60*1000 -> 3362393.8
... A78: =VLOOKUP(D78,'Sample ID by Horizon'!A:B,2,FALSE) -> 42361 | B78: =VLOOKUP(C78,Samples!A:C,3,FALSE) -> CSITE 09 | C78: =LEFT(D78,LEN(D78)-3) -> X11.206 | D78: X11.206.H2 | J78: 791 | K78: 3.6 | L78: 15 | M78: =L78*PI()*K78^2 -> 610.72561 | N78: =J78/M78 -> 1.2951807 | O78: =SUMIF(D:D,D78,N:N)/COUNTIF(D:D,D78) -> 1.2951807 | P78: =SUMIF(D:D,D78,L:L)/COUNTIF(D:D,D78)*100 -> 1500 | Q78: =O78*P78*1000 -> 1942771
A79: =VLOOKUP(D79,'Sample ID by Horizon'!A:B,2,FALSE) -> 42499 | B79: =VLOOKUP(C79,Samples!A:C,3,FALSE) -> CSITE 02 | C79: =LEFT(D79,LEN(D79)-3) -> X11.208 | D79: X11.208.C1 | J79: 1690 | K79: 3.6 | L79: 10 | M79: =L79*PI()*K79^2*3 -> 1221.4512 | N79: =J79/M79 -> 1.3836001 | O79: =SUMIF(D:D,D79,N:N)/COUNTIF(D:D,D79) -> 1.3836001 | P79: =SUMIF(D:D,D79,L:L)/COUNTIF(D:D,D79)*100 -> 1000 | Q79: =O79*P79*1000 -> 1383600.1
A80: =VLOOKUP(D80,'Sample ID by Horizon'!A:B,2,FALSE) -> 42499 | B80: =VLOOKUP(C80,Samples!A:C,3,FALSE) -> CSITE 02 | C80: =LEFT(D80,LEN(D80)-3) -> X11.208 | D80: X11.208.C2 | J80: 1641 | K80: 3.6 | L80: 10 | M80: =L80*PI()*K80^2*3 -> 1221.4512 | N80: =J80/M80 -> 1.3434839 | O80: =SUMIF(D:D,D80,N:N)/COUNTIF(D:D,D80) -> 1.3434839 | P80: =SUMIF(D:D,D80,L:L)/COUNTIF(D:D,D80)*100 -> 1000 | Q80: =O80*P80*1000 -> 1343483.9
A81: =VLOOKUP(D81,'Sample ID by Horizon'!A:B,2,FALSE) -> 42499 | B81: =VLOOKUP(C81,Samples!A:C,3,FALSE) -> CSITE 02 | C81: =LEFT(D81,LEN(D81)-3) -> X11.208 | D81: X11.208.C3 | J81: 1913 | K81: 3.6 | L81: 10 | M81: =L81*PI()*K81^2*3 -> 1221.4512 | N81: =J81/M81 -> 1.5661698 | O81: =SUMIF(D:D,D81,N:N)/COUNTIF(D:D,D81) -> 1.5661698 | P81: =SUMIF(D:D,D81,L:L)/COUNTIF(D:D,D81)*100 -> 1000 | Q81: =O81*P81*1000 -> 1566169.8
A82: =VLOOKUP(D82,'Sample ID by Horizon'!A:B,2,FALSE) -> 42500 | B82: =VLOOKUP(C82,Samples!A:C,3,FALSE) -> CSITE 01 | C82: =LEFT(D82,LEN(D82)-3) -> X11.207 | D82: X11.207.C1 | J82: 1607 | K82: 3.6 | L82: 10 | M82: =L82*PI()*K82^2*3 -> 1221.4512 | N82: =J82/M82 -> 1.3156481 | O82: =SUMIF(D:D,D82,N:N)/COUNTIF(D:D,D82) -> 1.3156481 | P82: =SUMIF(D:D,D82,L:L)/COUNTIF(D:D,D82)*100 -> 1000 | Q82: =O82*P82*1000 -> 1315648.1
A83: =VLOOKUP(D83,'Sample ID by Horizon'!A:B,2,FALSE) -> 42500 | B83: =VLOOKUP(C83,Samples!A:C,3,FALSE) -> CSITE 01 | C83: =LEFT(D83,LEN(D83)-3) -> X11.207 | D83: X11.207.C2 | J83: 1467 | K83: 3.6 | L83: 10 | M83: =L83*PI()*K83^2*3 -> 1221.4512 | N83: =J83/M83 -> 1.2010304 | O83: =SUMIF(D:D,D83,N:N)/COUNTIF(D:D,D83) -> 1.2010304 | P83: =SUMIF(D:D,D83,L:L)/COUNTIF(D:D,D83)*100 -> 1000 | Q83: =O83*P83*1000 -> 1201030.4
A84: =VLOOKUP(D84,'Sample ID by Horizon'!A:B,2,FALSE) -> 42500 | B84: =VLOOKUP(C84,Samples!A:C,3,FALSE) -> CSITE 01 | C84: =LEFT(D84,LEN(D84)-3) -> X11.207 | D84: X11.207.C3 | J84: 1820 | K84: 3.6 | L84: 10 | M84: =L84*PI()*K84^2*3 -> 1221.4512 | N84: =J84/M84 -> 1.4900308 | O84: =SUMIF(D:D,D84,N:N)/COUNTIF(D:D,D84) -> 1.4900308 | P84: =SUMIF(D:D,D84,L:L)/COUNTIF(D:D,D84)*100 -> 1000 | Q84: =O84*P84*1000 -> 1490030.8
A85: =VLOOKUP(D85,'Sample ID by Horizon'!A:B,2,FALSE) -> 42505 | B85: =VLOOKUP(C85,Samples!A:C,3,FALSE) -> CSITE 03 | C85: =LEFT(D85,LEN(D85)-3) -> X11.209 | D85: X11.209.C1 | J85: 1746 | K85: 3.6 | L85: 10 | M85: =L85*PI()*K85^2*3 -> 1221.4512 | N85: =J85/M85 -> 1.4294472 | O85: =SUMIF(D:D,D85,N:N)/COUNTIF(D:D,D85) -> 1.4294472 | P85: =SUMIF(D:D,D85,L:L)/COUNTIF(D:D,D85)*100 -> 1000 | Q85: =O85*P85*1000 -> 1429447.2
A86: =VLOOKUP(D86,'Sample ID by Horizon'!A:B,2,FALSE) -> 42505 | B86: =VLOOKUP(C86,Samples!A:C,3,FALSE) -> CSITE 03 | C86: =LEFT(D86,LEN(D86)-3) -> X11.209 | D86: X11.209.C2 | J86: 1723 | K86: 3.6 | L86: 10 | M86: =L86*PI()*K86^2*3 -> 1221.4512 | N86: =J86/M86 -> 1.4106171 | O86: =SUMIF(D:D,D86,N:N)/COUNTIF(D:D,D86) -> 1.4106171 | P86: =SUMIF(D:D,D86,L:L)/COUNTIF(D:D,D86)*100 -> 1000 | Q86: =O86*P86*1000 -> 1410617.1
A87: =VLOOKUP(D87,'Sample ID by Horizon'!A:B,2,FALSE) -> 42505 | B87: =VLOOKUP(C87,Samples!A:C,3,FALSE) -> CSITE 03 | C87: =LEFT(D87,LEN(D87)-3) -> X11.209 | D87: X11.209.C3 | J87: 1711 | K87: 3.6 | L87: 10 | M87: =L87*PI()*K87^2*3 -> 1221.4512 | N87: =J87/M87 -> 1.4007927 | O87: =SUMIF(D:D,D87,N:N)/COUNTIF(D:D,D87) -> 1.4007927 | P87: =SUMIF(D:D,D87,L:L)/COUNTIF(D:D,D87)*100 -> 1000 | Q87: =O87*P87*1000 -> 1400792.7
A88: =VLOOKUP(D88,'Sample ID by Horizon'!A:B,2,FALSE) -> 42506 | B88: =VLOOKUP(C88,Samples!A:C,3,FALSE) -> CSITE 04 | C88: =LEFT(D88,LEN(D88)-3) -> X11.210 | D88: X11.210.C1 | J88: 1722 | K88: 3.6 | L88: 10 | M88: =L88*PI()*K88^2*3 -> 1221.4512 | N88: =J88/M88 -> 1.4097984 | O88: =SUMIF(D:D,D88,N:N)/COUNTIF(D:D,D88) -> 1.4097984 | P88: =SUMIF(D:D,D88,L:L)/COUNTIF(D:D,D88)*100 -> 1000 | Q88: =O88*P88*1000 -> 1409798.4
A89: =VLOOKUP(D89,'Sample ID by Horizon'!A:B,2,FALSE) -> 42506 | B89: =VLOOKUP(C89,Samples!A:C,3,FALSE) -> CSITE 04 | C89: =LEFT(D89,LEN(D89)-3) -> X11.210 | D89: X11.210.C2 | J89: 1762 | K89: 3.6 | L89: 10 | M89: =L89*PI()*K89^2*3 -> 1221.4512 | N89: =J89/M89 -> 1.4425463 | O89: =SUMIF(D:D,D89,N:N)/COUNTIF(D:D,D89) -> 1.4425463 | P89: =SUMIF(D:D,D89,L:L)/COUNTIF(D:D,D89)*100 -> 1000 | Q89: =O89*P89*1000 -> 1442546.3
A90: =VLOOKUP(D90,'Sample ID by Horizon'!A:B,2,FALSE) -> 42506 | B90: =VLOOKUP(C90,Samples!A:C,3,FALSE) -> CSITE 04 | C90: =LEFT(D90,LEN(D90)-3) -> X11.210 | D90: X11.210.C3 | J90: 1868 | K90: 3.6 | L90: 10 | M90: =L90*PI()*K90^2*3 -> 1221.4512 | N90: =J90/M90 -> 1.5293284 | O90: =SUMIF(D:D,D90,N:N)/COUNTIF(D:D,D90) -> 1.5293284 | P90: =SUMIF(D:D,D90,L:L)/COUNTIF(D:D,D90)*100 -> 1000 | Q90: =O90*P90*1000 -> 1529328.4
... A105: =VLOOKUP(D105,'Sample ID by Horizon'!A:B,2,FALSE) -> 42526 | B105: =VLOOKUP(C105,Samples!A:C,3,FALSE) -> CSITE 12 | C105: =LEFT(D105,LEN(D105)-3) -> X11.218 | D105: X11.218.C3 | J105: 1977 | K105: 3.6 | L105: 10 | M105: =L105*PI()*K105^2*3 -> 1221.4512 | N105: =J105/M105 -> 1.6185665 | O105: =SUMIF(D:D,D105,N:N)/COUNTIF(D:D,D105) -> 1.6185665 | P105: =SUMIF(D:D,D105,L:L)/COUNTIF(D:D,D105)*100 -> 1000 | Q105: =O105*P105*1000 -> 1618566.5
A106: =VLOOKUP(D106,'Sample ID by Horizon'!A:B,2,FALSE) -> 42649 | B106: =VLOOKUP(C106,Samples!A:C,3,FALSE) -> CSITE 01 | C106: =LEFT(D106,LEN(D106)-3) -> X11.255 | D106: X11.255.C1 | E106: N | F106: 498 | G106: 4.561 | H106: 4.109 | I106: =IFERROR((G106-H106)/G106*100,"") -> 9.9101074 | J106: =IFERROR(F106-(I106/100)*F106,"") -> 448.64766 | K106: 3.889 | L106: 10 | M106: =L106*PI()*K106^2 -> 475.14456 | N106: =J106/M106 -> 0.94423404 | O106: =SUMIF(D:D,D106,N:N)/COUNTIF(D:D,D106) -> 1.118249 | P106: =SUMIF(D:D,D106,L:L)/COUNTIF(D:D,D106)*100 -> 1000 | Q106: =O106*P106*1000 -> 1118249
A107: =VLOOKUP(D107,'Sample ID by Horizon'!A:B,2,FALSE) -> 42649 | B107: =VLOOKUP(C107,Samples!A:C,3,FALSE) -> CSITE 01 | C107: =LEFT(D107,LEN(D107)-3) -> X11.255 | D107: X11.255.C1 | E107: E | F107: 676 | G107: 4.764 | H107: 4.398 | I107: =IFERROR((G107-H107)/G107*100,"") -> 7.6826196 | J107: =IFERROR(F107-(I107/100)*F107,"") -> 624.06549 | K107: 3.889 | L107: 10 | M107: =L107*PI()*K107^2 -> 475.14456 | N107: =J107/M107 -> 1.3134224 | O107: =SUMIF(D:D,D107,N:N)/COUNTIF(D:D,D107) -> 1.118249 | P107: =SUMIF(D:D,D107,L:L)/COUNTIF(D:D,D107)*100 -> 1000 | Q107: =O107*P107*1000 -> 1118249
A108: =VLOOKUP(D108,'Sample ID by Horizon'!A:B,2,FALSE) -> 42649 | B108: =VLOOKUP(C108,Samples!A:C,3,FALSE) -> CSITE 01 | C108: =LEFT(D108,LEN(D108)-3) -> X11.255 | D108: X11.255.C1 | E108: W | F108: 560 | G108: 4.888 | H108: 4.55 | I108: =IFERROR((G108-H108)/G108*100,"") -> 6.9148936 | J108: =IFERROR(F108-(I108/100)*F108,"") -> 521.2766 | K108: 3.889 | L108: 10 | M108: =L108*PI()*K108^2 -> 475.14456 | N108: =J108/M108 -> 1.0970905 | O108: =SUMIF(D:D,D108,N:N)/COUNTIF(D:D,D108) -> 1.118249 | P108: =SUMIF(D:D,D108,L:L)/COUNTIF(D:D,D108)*100 -> 1000 | Q108: =O108*P108*1000 -> 1118249
A109: =VLOOKUP(D109,'Sample ID by Horizon'!A:B,2,FALSE) -> 42649 | B109: =VLOOKUP(C109,Samples!A:C,3,FALSE) -> CSITE 01 | C109: =LEFT(D109,LEN(D109)-3) -> X11.255 | D109: X11.255.C2 | E109: N | F109: 501 | G109: 4.949 | H109: 4.475 | I109: =IFERROR((G109-H109)/G109*100,"") -> 9.5776925 | J109: =IFERROR(F109-(I109/100)*F109,"") -> 453.01576 | K109: 3.889 | L109: 10 | M109: =L109*PI()*K109^2 -> 475.14456 | N109: =J109/M109 -> 0.95342723 | O109: =SUMIF(D:D,D109,N:N)/COUNTIF(D:D,D109) -> 1.1174513 | P109: =SUMIF(D:D,D109,L:L)/COUNTIF(D:D,D109)*100 -> 1000 | Q109: =O109*P109*1000 -> 1117451.3
A110: =VLOOKUP(D110,'Sample ID by Horizon'!A:B,2,FALSE) -> 42649 | B110: =VLOOKUP(C110,Samples!A:C,3,FALSE) -> CSITE 01 | C110: =LEFT(D110,LEN(D110)-3) -> X11.255 | D110: X11.255.C2 | E110: E | F110: 690 | G110: 4.984 | H110: 4.591 | I110: =IFERROR((G110-H110)/G110*100,"") -> 7.8852327 | J110: =IFERROR(F110-(I110/100)*F110,"") -> 635.59189 | K110: 3.889 | L110: 10 | M110: =L110*PI()*K110^2 -> 475.14456 | N110: =J110/M110 -> 1.3376811 | O110: =SUMIF(D:D,D110,N:N)/COUNTIF(D:D,D110) -> 1.1174513 | P110: =SUMIF(D:D,D110,L:L)/COUNTIF(D:D,D110)*100 -> 1000 | Q110: =O110*P110*1000 -> 1117451.3
A111: =VLOOKUP(D111,'Sample ID by Horizon'!A:B,2,FALSE) -> 42649 | B111: =VLOOKUP(C111,Samples!A:C,3,FALSE) -> CSITE 01 | C111: =LEFT(D111,LEN(D111)-3) -> X11.255 | D111: X11.255.C2 | E111: W | F111: 541 | G111: 4.769 | H111: 4.445 | I111: =IFERROR((G111-H111)/G111*100,"") -> 6.7938771 | J111: =IFERROR(F111-(I111/100)*F111,"") -> 504.24512 | K111: 3.889 | L111: 10 | M111: =L111*PI()*K111^2 -> 475.14456 | N111: =J111/M111 -> 1.0612457 | O111: =SUMIF(D:D,D111,N:N)/COUNTIF(D:D,D111) -> 1.1174513 | P111: =SUMIF(D:D,D111,L:L)/COUNTIF(D:D,D111)*100 -> 1000 | Q111: =O111*P111*1000 -> 1117451.3
A112: =VLOOKUP(D112,'Sample ID by Horizon'!A:B,2,FALSE) -> 42649 | B112: =VLOOKUP(C112,Samples!A:C,3,FALSE) -> CSITE 01 | C112: =LEFT(D112,LEN(D112)-3) -> X11.255 | D112: X11.255.C3 | E112: N | F112: 517 | G112: 4.618 | H112: 3.959 | I112: =IFERROR((G112-H112)/G112*100,"") -> 14.270247 | J112: =IFERROR(F112-(I112/100)*F112,"") -> 443.22282 | K112: 3.889 | L112: 10 | M112: =L112*PI()*K112^2 -> 475.14456 | N112: =J112/M112 -> 0.9328168 | O112: =SUMIF(D:D,D112,N:N)/COUNTIF(D:D,D112) -> 1.2356186 | P112: =SUMIF(D:D,D112,L:L)/COUNTIF(D:D,D112)*100 -> 1000 | Q112: =O112*P112*1000 -> 1235618.6
A113: =VLOOKUP(D113,'Sample ID by Horizon'!A:B,2,FALSE) -> 42649 | B113: =VLOOKUP(C113,Samples!A:C,3,FALSE) -> CSITE 01 | C113: =LEFT(D113,LEN(D113)-3) -> X11.255 | D113: X11.255.C3 | E113: E | F113: 659 | G113: 4.3 | H113: 4.226 | I113: =IFERROR((G113-H113)/G113*100,"") -> 1.7209302 | J113: =IFERROR(F113-(I113/100)*F113,"") -> 647.65907 | K113: 3.889 | L113: 10 | M113: =L113*PI()*K113^2 -> 475.14456 | N113: =J113/M113 -> 1.363078 | O113: =SUMIF(D:D,D113,N:N)/COUNTIF(D:D,D113) -> 1.2356186 | P113: =SUMIF(D:D,D113,L:L)/COUNTIF(D:D,D113)*100 -> 1000 | Q113: =O113*P113*1000 -> 1235618.6
A114: =VLOOKUP(D114,'Sample ID by Horizon'!A:B,2,FALSE) -> 42649 | B114: =VLOOKUP(C114,Samples!A:C,3,FALSE) -> CSITE 01 | C114: =LEFT(D114,LEN(D114)-3) -> X11.255 | D114: X11.255.C3 | E114: W | F114: 724 | G114: 4.688 | H114: 4.341 | I114: =IFERROR((G114-H114)/G114*100,"") -> 7.4018771 | J114: =IFERROR(F114-(I114/100)*F114,"") -> 670.41041 | K114: 3.889 | L114: 10 | M114: =L114*PI()*K114^2 -> 475.14456 | N114: =J114/M114 -> 1.4109609 | O114: =SUMIF(D:D,D114,N:N)/COUNTIF(D:D,D114) -> 1.2356186 | P114: =SUMIF(D:D,D114,L:L)/COUNTIF(D:D,D114)*100 -> 1000 | Q114: =O114*P114*1000 -> 1235618.6
A115: =VLOOKUP(D115,'Sample ID by Horizon'!A:B,2,FALSE) -> 42649 | B115: =VLOOKUP(C115,Samples!A:C,3,FALSE) -> CSITE 01 | C115: =LEFT(D115,LEN(D115)-3) -> X11.255 | D115: X11.255.C4 | E115: N | F115: 1756 | G115: 4.722 | H115: 4.361 | I115: =IFERROR((G115-H115)/G115*100,"") -> 7.6450657 | J115: =IFERROR(F115-(I115/100)*F115,"") -> 1621.7526 | K115: 3.889 | L115: 30 | M115: =L115*PI()*K115^2 -> 1425.4337 | N115: =J115/M115 -> 1.1377258 | O115: =SUMIF(D:D,D115,N:N)/COUNTIF(D:D,D115) -> 1.2903029 | P115: =SUMIF(D:D,D115,L:L)/COUNTIF(D:D,D115)*100 -> 3000 | Q115: =O115*P115*1000 -> 3870908.7
A116: =VLOOKUP(D116,'Sample ID by Horizon'!A:B,2,FALSE) -> 42649 | B116: =VLOOKUP(C116,Samples!A:C,3,FALSE) -> CSITE 01 | C116: =LEFT(D116,LEN(D116)-3) -> X11.255 | D116: X11.255.C4 | E116: E | F116: 2089 | G116: 4.607 | H116: 4.335 | I116: =IFERROR((G116-H116)/G116*100,"") -> 5.904059 | J116: =IFERROR(F116-(I116/100)*F116,"") -> 1965.6642 | K116: 3.889 | L116: 30 | M116: =L116*PI()*K116^2 -> 1425.4337 | N116: =J116/M116 -> 1.3789938 | O116: =SUMIF(D:D,D116,N:N)/COUNTIF(D:D,D116) -> 1.2903029 | P116: =SUMIF(D:D,D116,L:L)/COUNTIF(D:D,D116)*100 -> 3000 | Q116: =O116*P116*1000 -> 3870908.7
A117: =VLOOKUP(D117,'Sample ID by Horizon'!A:B,2,FALSE) -> 42649 | B117: =VLOOKUP(C117,Samples!A:C,3,FALSE) -> CSITE 01 | C117: =LEFT(D117,LEN(D117)-3) -> X11.255 | D117: X11.255.C4 | E117: W | F117: 2088 | G117: 4.727 | H117: 4.37 | I117: =IFERROR((G117-H117)/G117*100,"") -> 7.5523588 | J117: =IFERROR(F117-(I117/100)*F117,"") -> 1930.3067 | K117: 3.889 | L117: 30 | M117: =L117*PI()*K117^2 -> 1425.4337 | N117: =J117/M117 -> 1.3541891 | O117: =SUMIF(D:D,D117,N:N)/COUNTIF(D:D,D117) -> 1.2903029 | P117: =SUMIF(D:D,D117,L:L)/COUNTIF(D:D,D117)*100 -> 3000 | Q117: =O117*P117*1000 -> 3870908.7
... A135: =VLOOKUP(D135,'Sample ID by Horizon'!A:B,2,FALSE) -> 42649 | B135: =VLOOKUP(C135,Samples!A:C,3,FALSE) -> CSITE 02 | C135: =LEFT(D135,LEN(D135)-3) -> X11.256 | D135: X11.256.C5 | E135: W | F135: 3128 | G135: 4.71 | H135: 4.059 | I135: =IFERROR((G135-H135)/G135*100,"") -> 13.821656 | J135: =IFERROR(F135-(I135/100)*F135,"") -> 2695.6586 | K135: 3.889 | L135: 40 | M135: =L135*PI()*K135^2 -> 1900.5782 | N135: =J135/M135 -> 1.418336 | O135: =SUMIF(D:D,D135,N:N)/COUNTIF(D:D,D135) -> 1.4756413 | P135: =SUMIF(D:D,D135,L:L)/COUNTIF(D:D,D135)*100 -> 4000 | Q135: =O135*P135*1000 -> 5902565
A136: =VLOOKUP(D136,'Sample ID by Horizon'!A:B,2,FALSE) -> 42649 | B136: =VLOOKUP(C136,Samples!A:C,3,FALSE) -> CSITE 03 | C136: =LEFT(D136,LEN(D136)-3) -> X11.257 | D136: X11.257.C1 | E136: N | F136: 557 | G136: 4.449 | H136: 3.959 | I136: =IFERROR((G136-H136)/G136*100,"") -> 11.013711 | J136: =IFERROR(F136-(I136/100)*F136,"") -> 495.65363 | K136: 3.889 | L136: 10 | M136: =L136*PI()*K136^2 -> 475.14456 | N136: =J136/M136 -> 1.0431639 | O136: =SUMIF(D:D,D136,N:N)/COUNTIF(D:D,D136) -> 1.1863849 | P136: =SUMIF(D:D,D136,L:L)/COUNTIF(D:D,D136)*100 -> 1000 | Q136: =SUM(Q121:Q135) -> 41891432
A137: =VLOOKUP(D137,'Sample ID by Horizon'!A:B,2,FALSE) -> 42649 | B137: =VLOOKUP(C137,Samples!A:C,3,FALSE) -> CSITE 03 | C137: =LEFT(D137,LEN(D137)-3) -> X11.257 | D137: X11.257.C1 | E137: E | F137: 688 | G137: 4.889 | H137: 4.359 | I137: =IFERROR((G137-H137)/G137*100,"") -> 10.840663 | J137: =IFERROR(F137-(I137/100)*F137,"") -> 613.41624 | K137: 3.889 | L137: 10 | M137: =L137*PI()*K137^2 -> 475.14456 | N137: =J137/M137 -> 1.2910097 | O137: =SUMIF(D:D,D137,N:N)/COUNTIF(D:D,D137) -> 1.1863849 | P137: =SUMIF(D:D,D137,L:L)/COUNTIF(D:D,D137)*100 -> 1000 | Q137: =O137*P137*1000 -> 1186384.9
A138: =VLOOKUP(D138,'Sample ID by Horizon'!A:B,2,FALSE) -> 42649 | B138: =VLOOKUP(C138,Samples!A:C,3,FALSE) -> CSITE 03 | C138: =LEFT(D138,LEN(D138)-3) -> X11.257 | D138: X11.257.C1 | E138: W | F138: 670 | G138: 4.738 | H138: 4.116 | I138: =IFERROR((G138-H138)/G138*100,"") -> 13.127902 | J138: =IFERROR(F138-(I138/100)*F138,"") -> 582.04306 | K138: 3.889 | L138: 10 | M138: =L138*PI()*K138^2 -> 475.14456 | N138: =J138/M138 -> 1.224981 | O138: =SUMIF(D:D,D138,N:N)/COUNTIF(D:D,D138) -> 1.1863849 | P138: =SUMIF(D:D,D138,L:L)/COUNTIF(D:D,D138)*100 -> 1000 | Q138: =O138*P138*1000 -> 1186384.9
A139: =VLOOKUP(D139,'Sample ID by Horizon'!A:B,2,FALSE) -> 42649 | B139: =VLOOKUP(C139,Samples!A:C,3,FALSE) -> CSITE 03 | C139: =LEFT(D139,LEN(D139)-3) -> X11.257 | D139: X11.257.C2 | E139: N | F139: 717 | G139: 4.839 | H139: 4.273 | I139: =IFERROR((G139-H139)/G139*100,"") -> 11.696632 | J139: =IFERROR(F139-(I139/100)*F139,"") -> 633.13515 | K139: 3.889 | L139: 10 | M139: =L139*PI()*K139^2 -> 475.14456 | N139: =J139/M139 -> 1.3325106 | O139: =SUMIF(D:D,D139,N:N)/COUNTIF(D:D,D139) -> 1.2816481 | P139: =SUMIF(D:D,D139,L:L)/COUNTIF(D:D,D139)*100 -> 1000 | Q139: =O139*P139*1000 -> 1281648.1
A140: =VLOOKUP(D140,'Sample ID by Horizon'!A:B,2,FALSE) -> 42649 | B140: =VLOOKUP(C140,Samples!A:C,3,FALSE) -> CSITE 03 | C140: =LEFT(D140,LEN(D140)-3) -> X11.257 | D140: X11.257.C2 | E140: E | F140: 732 | G140: 4.816 | H140: 4.302 | I140: =IFERROR((G140-H140)/G140*100,"") -> 10.672757 | J140: =IFERROR(F140-(I140/100)*F140,"") -> 653.87542 | K140: 3.889 | L140: 10 | M140: =L140*PI()*K140^2 -> 475.14456 | N140: =J140/M140 -> 1.376161 | O140: =SUMIF(D:D,D140,N:N)/COUNTIF(D:D,D140) -> 1.2816481 | P140: =SUMIF(D:D,D140,L:L)/COUNTIF(D:D,D140)*100 -> 1000 | Q140: =O140*P140*1000 -> 1281648.1
A141: =VLOOKUP(D141,'Sample ID by Horizon'!A:B,2,FALSE) -> 42649 | B141: =VLOOKUP(C141,Samples!A:C,3,FALSE) -> CSITE 03 | C141: =LEFT(D141,LEN(D141)-3) -> X11.257 | D141: X11.257.C2 | E141: W | F141: 610 | G141: 4.803 | H141: 4.251 | I141: =IFERROR((G141-H141)/G141*100,"") -> 11.492817 | J141: =IFERROR(F141-(I141/100)*F141,"") -> 539.89382 | K141: 3.889 | L141: 10 | M141: =L141*PI()*K141^2 -> 475.14456 | N141: =J141/M141 -> 1.1362728 | O141: =SUMIF(D:D,D141,N:N)/COUNTIF(D:D,D141) -> 1.2816481 | P141: =SUMIF(D:D,D141,L:L)/COUNTIF(D:D,D141)*100 -> 1000 | Q141: =O141*P141*1000 -> 1281648.1
A142: =VLOOKUP(D142,'Sample ID by Horizon'!A:B,2,FALSE) -> 42649 | B142: =VLOOKUP(C142,Samples!A:C,3,FALSE) -> CSITE 03 | C142: =LEFT(D142,LEN(D142)-3) -> X11.257 | D142: X11.257.C3 | E142: N | F142: 810 | G142: 4.944 | H142: 4.374 | I142: =IFERROR((G142-H142)/G142*100,"") -> 11.529126 | J142: =IFERROR(F142-(I142/100)*F142,"") -> 716.61408 | K142: 3.889 | L142: 10 | M142: =L142*PI()*K142^2 -> 475.14456 | N142: =J142/M142 -> 1.5082022 | O142: =SUMIF(D:D,D142,N:N)/COUNTIF(D:D,D142) -> 1.4515726 | P142: =SUMIF(D:D,D142,L:L)/COUNTIF(D:D,D142)*100 -> 1000 | Q142: =O142*P142*1000 -> 1451572.6
A143: =VLOOKUP(D143,'Sample ID by Horizon'!A:B,2,FALSE) -> 42649 | B143: =VLOOKUP(C143,Samples!A:C,3,FALSE) -> CSITE 03 | C143: =LEFT(D143,LEN(D143)-3) -> X11.257 | D143: X11.257.C3 | E143: E | F143: 772 | G143: 4.919 | H143: 4.395 | I143: =IFERROR((G143-H143)/G143*100,"") -> 10.652572 | J143: =IFERROR(F143-(I143/100)*F143,"") -> 689.76215 | K143: 3.889 | L143: 10 | M143: =L143*PI()*K143^2 -> 475.14456 | N143: =J143/M143 -> 1.451689 | O143: =SUMIF(D:D,D143,N:N)/COUNTIF(D:D,D143) -> 1.4515726 | P143: =SUMIF(D:D,D143,L:L)/COUNTIF(D:D,D143)*100 -> 1000 | Q143: =O143*P143*1000 -> 1451572.6
A144: =VLOOKUP(D144,'Sample ID by Horizon'!A:B,2,FALSE) -> 42649 | B144: =VLOOKUP(C144,Samples!A:C,3,FALSE) -> CSITE 03 | C144: =LEFT(D144,LEN(D144)-3) -> X11.257 | D144: X11.257.C3 | E144: W | F144: 752 | G144: 4.676 | H144: 4.121 | I144: =IFERROR((G144-H144)/G144*100,"") -> 11.869119 | J144: =IFERROR(F144-(I144/100)*F144,"") -> 662.74423 | K144: 3.889 | L144: 10 | M144: =L144*PI()*K144^2 -> 475.14456 | N144: =J144/M144 -> 1.3948265 | O144: =SUMIF(D:D,D144,N:N)/COUNTIF(D:D,D144) -> 1.4515726 | P144: =SUMIF(D:D,D144,L:L)/COUNTIF(D:D,D144)*100 -> 1000 | Q144: =O144*P144*1000 -> 1451572.6
A145: =VLOOKUP(D145,'Sample ID by Horizon'!A:B,2,FALSE) -> 42649 | B145: =VLOOKUP(C145,Samples!A:C,3,FALSE) -> CSITE 03 | C145: =LEFT(D145,LEN(D145)-3) -> X11.257 | D145: X11.257.C4 | E145: N | F145: 2515 | G145: 4.632 | H145: 3.884 | I145: =IFERROR((G145-H145)/G145*100,"") -> 16.148532 | J145: =IFERROR(F145-(I145/100)*F145,"") -> 2108.8644 | K145: 3.889 | L145: 30 | M145: =L145*PI()*K145^2 -> 1425.4337 | N145: =J145/M145 -> 1.4794546 | O145: =SUMIF(D:D,D145,N:N)/COUNTIF(D:D,D145) -> 1.4838155 | P145: =SUMIF(D:D,D145,L:L)/COUNTIF(D:D,D145)*100 -> 3000 | Q145: =O145*P145*1000 -> 4451446.6
A146: =VLOOKUP(D146,'Sample ID by Horizon'!A:B,2,FALSE) -> 42649 | B146: =VLOOKUP(C146,Samples!A:C,3,FALSE) -> CSITE 03 | C146: =LEFT(D146,LEN(D146)-3) -> X11.257 | D146: X11.257.C4 | E146: E | F146: 2392 | G146: 4.881 | H146: 4.262 | I146: =IFERROR((G146-H146)/G146*100,"") -> 12.681827 | J146: =IFERROR(F146-(I146/100)*F146,"") -> 2088.6507 | K146: 3.889 | L146: 30 | M146: =L146*PI()*K146^2 -> 1425.4337 | N146: =J146/M146 -> 1.4652739 | O146: =SUMIF(D:D,D146,N:N)/COUNTIF(D:D,D146) -> 1.4838155 | P146: =SUMIF(D:D,D146,L:L)/COUNTIF(D:D,D146)*100 -> 3000 | Q146: =O146*P146*1000 -> 4451446.6
A147: =VLOOKUP(D147,'Sample ID by Horizon'!A:B,2,FALSE) -> 42649 | B147: =VLOOKUP(C147,Samples!A:C,3,FALSE) -> CSITE 03 | C147: =LEFT(D147,LEN(D147)-3) -> X11.257 | D147: X11.257.C4 | E147: W | F147: 2491 | G147: 4.666 | H147: 4.023 | I147: =IFERROR((G147-H147)/G147*100,"") -> 13.78054 | J147: =IFERROR(F147-(I147/100)*F147,"") -> 2147.7267 | K147: 3.889 | L147: 30 | M147: =L147*PI()*K147^2 -> 1425.4337 | N147: =J147/M147 -> 1.5067181 | O147: =SUMIF(D:D,D147,N:N)/COUNTIF(D:D,D147) -> 1.4838155 | P147: =SUMIF(D:D,D147,L:L)/COUNTIF(D:D,D147)*100 -> 3000 | Q147: =O147*P147*1000 -> 4451446.6
A148: =VLOOKUP(D148,'Sample ID by Horizon'!A:B,2,FALSE) -> 42649 | B148: =VLOOKUP(C148,Samples!A:C,3,FALSE) -> CSITE 03 | C148: =LEFT(D148,LEN(D148)-3) -> X11.257 | D148: X11.257.C5 | E148: N | F148: 3091 | G148: 4.675 | H148: 4.067 | I148: =IFERROR((G148-H148)/G148*100,"") -> 13.005348 | J148: =IFERROR(F148-(I148/100)*F148,"") -> 2689.0047 | K148: 3.889 | L148: 40 | M148: =L148*PI()*K148^2 -> 1900.5782 | N148: =J148/M148 -> 1.4148351 | O148: =SUMIF(D:D,D148,N:N)/COUNTIF(D:D,D148) -> 1.4317915 | P148: =SUMIF(D:D,D148,L:L)/COUNTIF(D:D,D148)*100 -> 4000 | Q148: =O148*P148*1000 -> 5727166.1
... A357: =VLOOKUP(D357,'Sample ID by Horizon'!A:B,2,FALSE) -> 42888 | B357: =VLOOKUP(C357,Samples!A:C,3,FALSE) -> CSITE 08 | C357: =LEFT(D357,LEN(D357)-3) -> X15.52 | D357: X15.52.C4 | E357: W | F357: 2537 | G357: 4.59 | H357: 3.89 | I357: =IFERROR((G357-H357)/G357*100,"") -> 15.250545 | J357: =IFERROR(F357-(I357/100)*F357,"") -> 2150.0937 | K357: 3.889 | L357: 30 | M357: =L357*PI()*K357^2 -> 1425.4337 | N357: =J357/M357 -> 1.5083786 | O357: =SUMIF(D:D,D357,N:N)/COUNTIF(D:D,D357) -> 1.5129012 | P357: =SUMIF(D:D,D357,L:L)/COUNTIF(D:D,D357)*100 -> 3000 | Q357: =O357*P357*1000 -> 4538703.6
A358: =VLOOKUP(D358,'Sample ID by Horizon'!A:B,2,FALSE) -> 42888 | B358: =VLOOKUP(C358,Samples!A:C,3,FALSE) -> CSITE 08 | C358: =LEFT(D358,LEN(D358)-3) -> X15.52 | D358: X15.52.C5 | E358: N | F358: 3555 | G358: 4.51 | H358: 3.71 | I358: =IFERROR((G358-H358)/G358*100,"") -> 17.738359 | J358: =IFERROR(F358-(I358/100)*F358,"") -> 2924.4013 | K358: 3.889 | L358: 40 | M358: =L358*PI()*K358^2 -> 1900.5782 | N358: =J358/M358 -> 1.5386903 | O358: =SUMIF(D:D,D358,N:N)/COUNTIF(D:D,D358) -> 1.5179089 | P358: 4000 | Q358: =O358*P358*1000 -> 6071635.8
A359: =VLOOKUP(D359,'Sample ID by Horizon'!A:B,2,FALSE) -> 42888 | B359: =VLOOKUP(C359,Samples!A:C,3,FALSE) -> CSITE 08 | C359: =LEFT(D359,LEN(D359)-3) -> X15.52 | D359: X15.52.C5 | E359: E | F359: 3197 | G359: 4.21 | H359: 3.61 | I359: =IFERROR((G359-H359)/G359*100,"") -> 14.251781 | J359: =IFERROR(F359-(I359/100)*F359,"") -> 2741.3705 | K359: 3.889 | L359: 40 | M359: =L359*PI()*K359^2 -> 1900.5782 | N359: =J359/M359 -> 1.4423876 | O359: =SUMIF(D:D,D359,N:N)/COUNTIF(D:D,D359) -> 1.5179089 | P359: 4000 | Q359: =O359*P359*1000 -> 6071635.8
A360: =VLOOKUP(D360,'Sample ID by Horizon'!A:B,2,FALSE) -> 42888 | B360: =VLOOKUP(C360,Samples!A:C,3,FALSE) -> CSITE 08 | C360: =LEFT(D360,LEN(D360)-3) -> X15.52 | D360: X15.52.C5 | E360: W | F360: 3197 | G360: 4.29 | H360: 3.71 | I360: =IFERROR((G360-H360)/G360*100,"") -> 13.519814 | J360: =IFERROR(F360-(I360/100)*F360,"") -> 2764.7716 | K360: 3.889 | L360: 37 | M360: =L360*PI()*K360^2 -> 1758.0349 | N360: =J360/M360 -> 1.5726489 | O360: =SUMIF(D:D,D360,N:N)/COUNTIF(D:D,D360) -> 1.5179089 | P360: 4000 | Q360: =O360*P360*1000 -> 6071635.8
A361: =VLOOKUP(D361,'Sample ID by Horizon'!A:B,2,FALSE) -> 42893 | B361: =VLOOKUP(C361,Samples!A:C,3,FALSE) -> CSITE 12 | C361: =LEFT(D361,LEN(D361)-3) -> X15.56 | D361: X15.56.C1 | E361: N | F361: 826 | G361: 4.6 | H361: 3.83 | I361: =IFERROR((G361-H361)/G361*100,"") -> 16.73913 | J361: =IFERROR(F361-(I361/100)*F361,"") -> 687.73478 | K361: 3.889 | L361: 10 | M361: =L361*PI()*K361^2 -> 475.14456 | N361: =J361/M361 -> 1.4474222 | O361: =SUMIF(D:D,D361,N:N)/COUNTIF(D:D,D361) -> 1.4660065 | P361: =SUMIF(D:D,D361,L:L)/COUNTIF(D:D,D361)*100 -> 1000 | Q361: =O361*P361*1000 -> 1466006.5
A362: =VLOOKUP(D362,'Sample ID by Horizon'!A:B,2,FALSE) -> 42893 | B362: =VLOOKUP(C362,Samples!A:C,3,FALSE) -> CSITE 12 | C362: =LEFT(D362,LEN(D362)-3) -> X15.56 | D362: X15.56.C1 | E362: E | F362: 854 | G362: 4.66 | H362: 3.83 | I362: =IFERROR((G362-H362)/G362*100,"") -> 17.811159 | J362: =IFERROR(F362-(I362/100)*F362,"") -> 701.8927 | K362: 3.889 | L362: 10 | M362: =L362*PI()*K362^2 -> 475.14456 | N362: =J362/M362 -> 1.4772193 | O362: =SUMIF(D:D,D362,N:N)/COUNTIF(D:D,D362) -> 1.4660065 | P362: =SUMIF(D:D,D362,L:L)/COUNTIF(D:D,D362)*100 -> 1000 | Q362: =O362*P362*1000 -> 1466006.5
A363: =VLOOKUP(D363,'Sample ID by Horizon'!A:B,2,FALSE) -> 42893 | B363: =VLOOKUP(C363,Samples!A:C,3,FALSE) -> CSITE 12 | C363: =LEFT(D363,LEN(D363)-3) -> X15.56 | D363: X15.56.C1 | E363: W | F363: 837 | G363: 4.89 | H363: 4.09 | I363: =IFERROR((G363-H363)/G363*100,"") -> 16.359918 | J363: =IFERROR(F363-(I363/100)*F363,"") -> 700.06748 | K363: 3.889 | L363: 10 | M363: =L363*PI()*K363^2 -> 475.14456 | N363: =J363/M363 -> 1.4733779 | O363: =SUMIF(D:D,D363,N:N)/COUNTIF(D:D,D363) -> 1.4660065 | P363: =SUMIF(D:D,D363,L:L)/COUNTIF(D:D,D363)*100 -> 1000 | Q363: =O363*P363*1000 -> 1466006.5
A364: =VLOOKUP(D364,'Sample ID by Horizon'!A:B,2,FALSE) -> 42893 | B364: =VLOOKUP(C364,Samples!A:C,3,FALSE) -> CSITE 12 | C364: =LEFT(D364,LEN(D364)-3) -> X15.56 | D364: X15.56.C2 | E364: N | F364: 853 | G364: 4.39 | H364: 3.55 | I364: =IFERROR((G364-H364)/G364*100,"") -> 19.134396 | J364: =IFERROR(F364-(I364/100)*F364,"") -> 689.7836 | K364: 3.889 | L364: 10 | M364: =L364*PI()*K364^2 -> 475.14456 | N364: =J364/M364 -> 1.4517342 | O364: =SUMIF(D:D,D364,N:N)/COUNTIF(D:D,D364) -> 1.4351984 | P364: =SUMIF(D:D,D364,L:L)/COUNTIF(D:D,D364)*100 -> 1000 | Q364: =O364*P364*1000 -> 1435198.4
A365: =VLOOKUP(D365,'Sample ID by Horizon'!A:B,2,FALSE) -> 42893 | B365: =VLOOKUP(C365,Samples!A:C,3,FALSE) -> CSITE 12 | C365: =LEFT(D365,LEN(D365)-3) -> X15.56 | D365: X15.56.C2 | E365: E | F365: 806 | G365: 3.81 | H365: 3.1 | I365: =IFERROR((G365-H365)/G365*100,"") -> 18.635171 | J365: =IFERROR(F365-(I365/100)*F365,"") -> 655.80052 | K365: 3.889 | L365: 10 | M365: =L365*PI()*K365^2 -> 475.14456 | N365: =J365/M365 -> 1.3802126 | O365: =SUMIF(D:D,D365,N:N)/COUNTIF(D:D,D365) -> 1.4351984 | P365: =SUMIF(D:D,D365,L:L)/COUNTIF(D:D,D365)*100 -> 1000 | Q365: =O365*P365*1000 -> 1435198.4
A366: =VLOOKUP(D366,'Sample ID by Horizon'!A:B,2,FALSE) -> 42893 | B366: =VLOOKUP(C366,Samples!A:C,3,FALSE) -> CSITE 12 | C366: =LEFT(D366,LEN(D366)-3) -> X15.56 | D366: X15.56.C2 | E366: W | F366: 852 | G366: 4.49 | H366: 3.69 | I366: =IFERROR((G366-H366)/G366*100,"") -> 17.817372 | J366: =IFERROR(F366-(I366/100)*F366,"") -> 700.19599 | K366: 3.889 | L366: 10 | M366: =L366*PI()*K366^2 -> 475.14456 | N366: =J366/M366 -> 1.4736483 | O366: =SUMIF(D:D,D366,N:N)/COUNTIF(D:D,D366) -> 1.4351984 | P366: =SUMIF(D:D,D366,L:L)/COUNTIF(D:D,D366)*100 -> 1000 | Q366: =O366*P366*1000 -> 1435198.4
A367: =VLOOKUP(D367,'Sample ID by Horizon'!A:B,2,FALSE) -> 42893 | B367: =VLOOKUP(C367,Samples!A:C,3,FALSE) -> CSITE 12 | C367: =LEFT(D367,LEN(D367)-3) -> X15.56 | D367: X15.56.C3 | E367: N | F367: 799 | G367: 4.4 | H367: 3.7 | I367: =IFERROR((G367-H367)/G367*100,"") -> 15.909091 | J367: =IFERROR(F367-(I367/100)*F367,"") -> 671.88636 | K367: 3.889 | L367: 10 | M367: =L367*PI()*K367^2 -> 475.14456 | N367: =J367/M367 -> 1.4140673 | O367: =SUMIF(D:D,D367,N:N)/COUNTIF(D:D,D367) -> 1.4778078 | P367: =SUMIF(D:D,D367,L:L)/COUNTIF(D:D,D367)*100 -> 1000 | Q367: =O367*P367*1000 -> 1477807.8
A368: =VLOOKUP(D368,'Sample ID by Horizon'!A:B,2,FALSE) -> 42893 | B368: =VLOOKUP(C368,Samples!A:C,3,FALSE) -> CSITE 12 | C368: =LEFT(D368,LEN(D368)-3) -> X15.56 | D368: X15.56.C3 | E368: E | F368: 823 | G368: 4.34 | H368: 3.68 | I368: =IFERROR((G368-H368)/G368*100,"") -> 15.207373 | J368: =IFERROR(F368-(I368/100)*F368,"") -> 697.84332 | K368: 3.889 | L368: 10 | M368: =L368*PI()*K368^2 -> 475.14456 | N368: =J368/M368 -> 1.4686969 | O368: =SUMIF(D:D,D368,N:N)/COUNTIF(D:D,D368) -> 1.4778078 | P368: =SUMIF(D:D,D368,L:L)/COUNTIF(D:D,D368)*100 -> 1000 | Q368: =O368*P368*1000 -> 1477807.8
...

Sheet Elutriation
A1: Date | B1: Sample ID (Shared Identifier) | C1: Round | D1: Wt Silt | E1: Wt Clay | F1: Total Wt | G1: Silt (%) | H1: Clay (%) | I1: Mean Silt (%) | J1: Mean Clay (%)
A2: =VLOOKUP(B2,'Sample ID by Horizon'!A:B,2,FALSE) -> 42649 | B2: x11.255.c1 | C2: 1 | D2: 7 | E2: 3 | F2: =SUM(D2:E2) -> 10 | G2: =D2/F2*100 -> 70 | H2: =E2/F2*100 -> 30 | I2: =AVERAGE(G2:G4) -> 71 | J2: =AVERAGE(H2:H4) -> 29
A3: =VLOOKUP(B3,'Sample ID by Horizon'!A:B,2,FALSE) -> 42649 | B3: x11.255.c1 | C3: 2 | D3: 7.1 | E3: 2.9 | F3: =SUM(D3:E3) -> 10 | G3: =D3/F3*100 -> 71 | H3: =E3/F3*100 -> 29 | I3: =I2 -> 71 | J3: =J2 -> 29
A4: =VLOOKUP(B4,'Sample ID by Horizon'!A:B,2,FALSE) -> 42649 | B4: x11.255.c1 | C4: 3 | D4: 7.2 | E4: 2.8 | F4: =SUM(D4:E4) -> 10 | G4: =D4/F4*100 -> 72 | H4: =E4/F4*100 -> 28 | I4: =I2 -> 71 | J4: =J2 -> 29
A5: =VLOOKUP(B5,'Sample ID by Horizon'!A:B,2,FALSE) -> 42649 | B5: X11.255.C2 | C5: =C2 -> 1 | D5: 7.3 | E5: 2.7 | F5: =SUM(D5:E5) -> 10 | G5: =D5/F5*100 -> 73 | H5: =E5/F5*100 -> 27 | I5: =AVERAGE(G5:G7) -> 74 | J5: =AVERAGE(H5:H7) -> 26
A6: =VLOOKUP(B6,'Sample ID by Horizon'!A:B,2,FALSE) -> 42649 | B6: X11.255.C2 | C6: =C3 -> 2 | D6: 7.4 | E6: 2.6 | F6: =SUM(D6:E6) -> 10 | G6: =D6/F6*100 -> 74 | H6: =E6/F6*100 -> 26 | I6: =I5 -> 74 | J6: =J5 -> 26
A7: =VLOOKUP(B7,'Sample ID by Horizon'!A:B,2,FALSE) -> 42649 | B7: X11.255.C2 | C7: =C4 -> 3 | D7: 7.5 | E7: 2.5 | F7: =SUM(D7:E7) -> 10 | G7: =D7/F7*100 -> 75 | H7: =E7/F7*100 -> 25 | I7: =I5 -> 74 | J7: =J5 -> 26
A8: =VLOOKUP(B8,'Sample ID by Horizon'!A:B,2,FALSE) -> 42649 | B8: X11.255.C3 | C8: =C5 -> 1 | D8: 7.6 | E8: 2.4 | F8: =SUM(D8:E8) -> 10 | G8: =D8/F8*100 -> 76 | H8: =E8/F8*100 -> 24 | I8: =AVERAGE(G8:G10) -> 77 | J8: =AVERAGE(H8:H10) -> 23
A9: =VLOOKUP(B9,'Sample ID by Horizon'!A:B,2,FALSE) -> 42649 | B9: X11.255.C3 | C9: =C6 -> 2 | D9: 7.7 | E9: 2.3 | F9: =SUM(D9:E9) -> 10 | G9: =D9/F9*100 -> 77 | H9: =E9/F9*100 -> 23 | I9: =I8 -> 77 | J9: =J8 -> 23
A10: =VLOOKUP(B10,'Sample ID by Horizon'!A:B,2,FALSE) -> 42649 | B10: X11.255.C3 | C10: =C7 -> 3 | D10: 7.8 | E10: 2.2 | F10: =SUM(D10:E10) -> 10 | G10: =D10/F10*100 -> 78 | H10: =E10/F10*100 -> 22 | I10: =I8 -> 77 | J10: =J8 -> 23
A11: =VLOOKUP(B11,'Sample ID by Horizon'!A:B,2,FALSE) -> 42649 | B11: X11.255.C4 | C11: =C8 -> 1 | D11: 7.9 | E11: 2.1 | F11: =SUM(D11:E11) -> 10 | G11: =D11/F11*100 -> 79 | H11: =E11/F11*100 -> 21 | I11: =AVERAGE(G11:G13) -> 80 | J11: =AVERAGE(H11:H13) -> 20
A12: =VLOOKUP(B12,'Sample ID by Horizon'!A:B,2,FALSE) -> 42649 | B12: X11.255.C4 | C12: =C9 -> 2 | D12: 8 | E12: 2 | F12: =SUM(D12:E12) -> 10 | G12: =D12/F12*100 -> 80 | H12: =E12/F12*100 -> 20 | I12: =I11 -> 80 | J12: =J11 -> 20
A13: =VLOOKUP(B13,'Sample ID by Horizon'!A:B,2,FALSE) -> 42649 | B13: X11.255.C4 | C13: =C10 -> 3 | D13: 8.1 | E13: 1.9 | F13: =SUM(D13:E13) -> 10 | G13: =D13/F13*100 -> 81 | H13: =E13/F13*100 -> 19 | I13: =I11 -> 80 | J13: =J11 -> 20
A14: =VLOOKUP(B14,'Sample ID by Horizon'!A:B,2,FALSE) -> 42649 | B14: X11.255.C5 | C14: =C11 -> 1 | D14: 8.2 | E14: 1.8 | F14: =SUM(D14:E14) -> 10 | G14: =D14/F14*100 -> 82 | H14: =E14/F14*100 -> 18 | I14: =AVERAGE(G14:G16) -> 83 | J14: =AVERAGE(H14:H16) -> 17
A15: =VLOOKUP(B15,'Sample ID by Horizon'!A:B,2,FALSE) -> 42649 | B15: X11.255.C5 | C15: =C12 -> 2 | D15: 8.3 | E15: 1.7 | F15: =SUM(D15:E15) -> 10 | G15: =D15/F15*100 -> 83 | H15: =E15/F15*100 -> 17 | I15: =I14 -> 83 | J15: =J14 -> 17
A16: =VLOOKUP(B16,'Sample ID by Horizon'!A:B,2,FALSE) -> 42649 | B16: X11.255.C5 | C16: =C13 -> 3 | D16: 8.4 | E16: 1.6 | F16: =SUM(D16:E16) -> 10 | G16: =D16/F16*100 -> 84 | H16: =E16/F16*100 -> 16 | I16: =I14 -> 83 | J16: =J14 -> 17
A17: =VLOOKUP(B17,'Sample ID by Horizon'!A:B,2,FALSE) -> 42500 | B17: X11.207.C1 | C17: =C14 -> 1 | D17: 8.5 | E17: 1.5 | F17: =SUM(D17:E17) -> 10 | G17: =D17/F17*100 -> 85 | H17: =E17/F17*100 -> 15 | I17: =AVERAGE(G17:G19) -> 86 | J17: =AVERAGE(H17:H19) -> 14
A18: =VLOOKUP(B18,'Sample ID by Horizon'!A:B,2,FALSE) -> 42500 | B18: X11.207.C1 | C18: =C15 -> 2 | D18: 8.6 | E18: 1.4 | F18: =SUM(D18:E18) -> 10 | G18: =D18/F18*100 -> 86 | H18: =E18/F18*100 -> 14 | I18: =I17 -> 86 | J18: =J17 -> 14
A19: =VLOOKUP(B19,'Sample ID by Horizon'!A:B,2,FALSE) -> 42500 | B19: X11.207.C1 | C19: =C16 -> 3 | D19: 8.7 | E19: 1.3 | F19: =SUM(D19:E19) -> 10 | G19: =D19/F19*100 -> 87 | H19: =E19/F19*100 -> 13 | I19: =I17 -> 86 | J19: =J17 -> 14
A20: =VLOOKUP(B20,'Sample ID by Horizon'!A:B,2,FALSE) -> 42500 | B20: X11.207.C2 | C20: =C17 -> 1 | D20: 8.8 | E20: 1.2 | F20: =SUM(D20:E20) -> 10 | G20: =D20/F20*100 -> 88 | H20: =E20/F20*100 -> 12 | I20: =AVERAGE(G20:G22) -> 89 | J20: =AVERAGE(H20:H22) -> 11
A21: =VLOOKUP(B21,'Sample ID by Horizon'!A:B,2,FALSE) -> 42500 | B21: X11.207.C2 | C21: =C18 -> 2 | D21: 8.9 | E21: 1.1 | F21: =SUM(D21:E21) -> 10 | G21: =D21/F21*100 -> 89 | H21: =E21/F21*100 -> 11 | I21: =I20 -> 89 | J21: =J20 -> 11
A22: =VLOOKUP(B22,'Sample ID by Horizon'!A:B,2,FALSE) -> 42500 | B22: X11.207.C2 | C22: =C19 -> 3 | D22: 9 | E22: 1 | F22: =SUM(D22:E22) -> 10 | G22: =D22/F22*100 -> 90 | H22: =E22/F22*100 -> 10 | I22: =I20 -> 89 | J22: =J20 -> 11
A23: =VLOOKUP(B23,'Sample ID by Horizon'!A:B,2,FALSE) -> 42500 | B23: X11.207.C3 | C23: =C20 -> 1 | D23: 8.9 | E23: 1.1 | F23: =SUM(D23:E23) -> 10 | G23: =D23/F23*100 -> 89 | H23: =E23/F23*100 -> 11 | I23: =AVERAGE(G23:G25) -> 88 | J23: =AVERAGE(H23:H25) -> 12
A24: =VLOOKUP(B24,'Sample ID by Horizon'!A:B,2,FALSE) -> 42500 | B24: X11.207.C3 | C24: =C21 -> 2 | D24: 8.8 | E24: 1.2 | F24: =SUM(D24:E24) -> 10 | G24: =D24/F24*100 -> 88 | H24: =E24/F24*100 -> 12 | I24: =I23 -> 88 | J24: =J23 -> 12
A25: =VLOOKUP(B25,'Sample ID by Horizon'!A:B,2,FALSE) -> 42500 | B25: X11.207.C3 | C25: =C22 -> 3 | D25: 8.7 | E25: 1.3 | F25: =SUM(D25:E25) -> 10 | G25: =D25/F25*100 -> 87 | H25: =E25/F25*100 -> 13 | I25: =I23 -> 88 | J25: =J23 -> 12
A26: =VLOOKUP(B26,'Sample ID by Horizon'!A:B,2,FALSE) -> 42500 | B26: X11.207.C4 | C26: =C23 -> 1 | D26: 8.6 | E26: 1.4 | F26: =SUM(D26:E26) -> 10 | G26: =D26/F26*100 -> 86 | H26: =E26/F26*100 -> 14 | I26: =AVERAGE(G26:G28) -> 85 | J26: =AVERAGE(H26:H28) -> 15
A27: =VLOOKUP(B27,'Sample ID by Horizon'!A:B,2,FALSE) -> 42500 | B27: X11.207.C4 | C27: =C24 -> 2 | D27: 8.5 | E27: 1.5 | F27: =SUM(D27:E27) -> 10 | G27: =D27/F27*100 -> 85 | H27: =E27/F27*100 -> 15 | I27: =I26 -> 85 | J27: =J26 -> 15
A28: =VLOOKUP(B28,'Sample ID by Horizon'!A:B,2,FALSE) -> 42500 | B28: X11.207.C4 | C28: =C25 -> 3 | D28: 8.4 | E28: 1.6 | F28: =SUM(D28:E28) -> 10 | G28: =D28/F28*100 -> 84 | H28: =E28/F28*100 -> 16 | I28: =I26 -> 85 | J28: =J26 -> 15
A29: =VLOOKUP(B29,'Sample ID by Horizon'!A:B,2,FALSE) -> 42888 | B29: X15.52.C1 | C29: =C26 -> 1 | D29: 8.3 | E29: 1.7 | F29: =SUM(D29:E29) -> 10 | G29: =D29/F29*100 -> 83 | H29: =E29/F29*100 -> 17 | I29: =AVERAGE(G29:G31) -> 82 | J29: =AVERAGE(H29:H31) -> 18
A30: =VLOOKUP(B30,'Sample ID by Horizon'!A:B,2,FALSE) -> 42888 | B30: X15.52.C1 | C30: =C27 -> 2 | D30: 8.2 | E30: 1.8 | F30: =SUM(D30:E30) -> 10 | G30: =D30/F30*100 -> 82 | H30: =E30/F30*100 -> 18 | I30: =I29 -> 82 | J30: =J29 -> 18
A31: =VLOOKUP(B31,'Sample ID by Horizon'!A:B,2,FALSE) -> 42888 | B31: X15.52.C1 | C31: =C28 -> 3 | D31: 8.1 | E31: 1.9 | F31: =SUM(D31:E31) -> 10 | G31: =D31/F31*100 -> 81 | H31: =E31/F31*100 -> 19 | I31: =I29 -> 82 | J31: =J29 -> 18
A32: =VLOOKUP(B32,'Sample ID by Horizon'!A:B,2,FALSE) -> 42888 | B32: X15.52.C2 | C32: =C29 -> 1 | D32: 8 | E32: 2 | F32: =SUM(D32:E32) -> 10 | G32: =D32/F32*100 -> 80 | H32: =E32/F32*100 -> 20 | I32: =AVERAGE(G32:G34) -> 79 | J32: =AVERAGE(H32:H34) -> 21
A33: =VLOOKUP(B33,'Sample ID by Horizon'!A:B,2,FALSE) -> 42888 | B33: X15.52.C2 | C33: =C30 -> 2 | D33: 7.9 | E33: 2.1 | F33: =SUM(D33:E33) -> 10 | G33: =D33/F33*100 -> 79 | H33: =E33/F33*100 -> 21 | I33: =I32 -> 79 | J33: =J32 -> 21
A34: =VLOOKUP(B34,'Sample ID by Horizon'!A:B,2,FALSE) -> 42888 | B34: X15.52.C2 | C34: =C31 -> 3 | D34: 7.8 | E34: 2.2 | F34: =SUM(D34:E34) -> 10 | G34: =D34/F34*100 -> 78 | H34: =E34/F34*100 -> 22 | I34: =I32 -> 79 | J34: =J32 -> 21
A35: =VLOOKUP(B35,'Sample ID by Horizon'!A:B,2,FALSE) -> 42888 | B35: X15.52.C3 | C35: =C32 -> 1 | D35: 7.7 | E35: 2.3 | F35: =SUM(D35:E35) -> 10 | G35: =D35/F35*100 -> 77 | H35: =E35/F35*100 -> 23 | I35: =AVERAGE(G35:G37) -> 76 | J35: =AVERAGE(H35:H37) -> 24
A36: =VLOOKUP(B36,'Sample ID by Horizon'!A:B,2,FALSE) -> 42888 | B36: X15.52.C3 | C36: =C33 -> 2 | D36: 7.6 | E36: 2.4 | F36: =SUM(D36:E36) -> 10 | G36: =D36/F36*100 -> 76 | H36: =E36/F36*100 -> 24 | I36: =I35 -> 76 | J36: =J35 -> 24
A37: =VLOOKUP(B37,'Sample ID by Horizon'!A:B,2,FALSE) -> 42888 | B37: X15.52.C3 | C37: =C34 -> 3 | D37: 7.5 | E37: 2.5 | F37: =SUM(D37:E37) -> 10 | G37: =D37/F37*100 -> 75 | H37: =E37/F37*100 -> 25 | I37: =I35 -> 76 | J37: =J35 -> 24
A38: =VLOOKUP(B38,'Sample ID by Horizon'!A:B,2,FALSE) -> 42888 | B38: X15.52.C4 | C38: =C35 -> 1 | D38: 7.4 | E38: 2.6 | F38: =SUM(D38:E38) -> 10 | G38: =D38/F38*100 -> 74 | H38: =E38/F38*100 -> 26 | I38: =AVERAGE(G38:G40) -> 73 | J38: =AVERAGE(H38:H40) -> 27
A39: =VLOOKUP(B39,'Sample ID by Horizon'!A:B,2,FALSE) -> 42888 | B39: X15.52.C4 | C39: =C36 -> 2 | D39: 7.3 | E39: 2.7 | F39: =SUM(D39:E39) -> 10 | G39: =D39/F39*100 -> 73 | H39: =E39/F39*100 -> 27 | I39: =I38 -> 73 | J39: =J38 -> 27
A40: =VLOOKUP(B40,'Sample ID by Horizon'!A:B,2,FALSE) -> 42888 | B40: X15.52.C4 | C40: =C37 -> 3 | D40: 7.2 | E40: 2.8 | F40: =SUM(D40:E40) -> 10 | G40: =D40/F40*100 -> 72 | H40: =E40/F40*100 -> 28 | I40: =I38 -> 73 | J40: =J38 -> 27
A41: =VLOOKUP(B41,'Sample ID by Horizon'!A:B,2,FALSE) -> 42888 | B41: X15.52.C5 | C41: =C38 -> 1 | D41: 7.1 | E41: 2.9 | F41: =SUM(D41:E41) -> 10 | G41: =D41/F41*100 -> 71 | H41: =E41/F41*100 -> 29 | I41: =AVERAGE(G41:G43) -> 70.666667 | J41: =AVERAGE(H41:H43) -> 29.333333
A42: =VLOOKUP(B42,'Sample ID by Horizon'!A:B,2,FALSE) -> 42888 | B42: X15.52.C5 | C42: =C39 -> 2 | D42: 7 | E42: 3 | F42: =SUM(D42:E42) -> 10 | G42: =D42/F42*100 -> 70 | H42: =E42/F42*100 -> 30 | I42: =I41 -> 70.666667 | J42: =J41 -> 29.333333
A43: =VLOOKUP(B43,'Sample ID by Horizon'!A:B,2,FALSE) -> 42888 | B43: X15.52.C5 | C43: =C40 -> 3 | D43: 7.1 | E43: 2.9 | F43: =SUM(D43:E43) -> 10 | G43: =D43/F43*100 -> 71 | H43: =E43/F43*100 -> 29 | I43: =I41 -> 70.666667 | J43: =J41 -> 29.333333
A44: =VLOOKUP(B44,'Sample ID by Horizon'!A:B,2,FALSE) -> 42521 | B44: X11.214.C1 | C44: =C41 -> 1 | D44: 7.2 | E44: 2.8 | F44: =SUM(D44:E44) -> 10 | G44: =D44/F44*100 -> 72 | H44: =E44/F44*100 -> 28 | I44: =AVERAGE(G44:G46) -> 73 | J44: =AVERAGE(H44:H46) -> 27
A45: =VLOOKUP(B45,'Sample ID by Horizon'!A:B,2,FALSE) -> 42521 | B45: X11.214.C1 | C45: =C42 -> 2 | D45: 7.3 | E45: 2.7 | F45: =SUM(D45:E45) -> 10 | G45: =D45/F45*100 -> 73 | H45: =E45/F45*100 -> 27 | I45: =I44 -> 73 | J45: =J44 -> 27
A46: =VLOOKUP(B46,'Sample ID by Horizon'!A:B,2,FALSE) -> 42521 | B46: X11.214.C1 | C46: =C43 -> 3 | D46: 7.4 | E46: 2.6 | F46: =SUM(D46:E46) -> 10 | G46: =D46/F46*100 -> 74 | H46: =E46/F46*100 -> 26 | I46: =I44 -> 73 | J46: =J44 -> 27
A47: =VLOOKUP(B47,'Sample ID by Horizon'!A:B,2,FALSE) -> 42521 | B47: X11.214.C2 | C47: =C44 -> 1 | D47: 7.5 | E47: 2.5 | F47: =SUM(D47:E47) -> 10 | G47: =D47/F47*100 -> 75 | H47: =E47/F47*100 -> 25 | I47: =AVERAGE(G47:G49) -> 76 | J47: =AVERAGE(H47:H49) -> 24
A48: =VLOOKUP(B48,'Sample ID by Horizon'!A:B,2,FALSE) -> 42521 | B48: X11.214.C2 | C48: =C45 -> 2 | D48: 7.6 | E48: 2.4 | F48: =SUM(D48:E48) -> 10 | G48: =D48/F48*100 -> 76 | H48: =E48/F48*100 -> 24 | I48: =I47 -> 76 | J48: =J47 -> 24
A49: =VLOOKUP(B49,'Sample ID by Horizon'!A:B,2,FALSE) -> 42521 | B49: X11.214.C2 | C49: =C46 -> 3 | D49: 7.7 | E49: 2.3 | F49: =SUM(D49:E49) -> 10 | G49: =D49/F49*100 -> 77 | H49: =E49/F49*100 -> 23 | I49: =I47 -> 76 | J49: =J47 -> 24
A50: =VLOOKUP(B50,'Sample ID by Horizon'!A:B,2,FALSE) -> 42521 | B50: X11.214.C3 | C50: =C47 -> 1 | D50: 7.8 | E50: 2.2 | F50: =SUM(D50:E50) -> 10 | G50: =D50/F50*100 -> 78 | H50: =E50/F50*100 -> 22 | I50: =AVERAGE(G50:G52) -> 79 | J50: =AVERAGE(H50:H52) -> 21
A51: =VLOOKUP(B51,'Sample ID by Horizon'!A:B,2,FALSE) -> 42521 | B51: X11.214.C3 | C51: =C48 -> 2 | D51: 7.9 | E51: 2.1 | F51: =SUM(D51:E51) -> 10 | G51: =D51/F51*100 -> 79 | H51: =E51/F51*100 -> 21 | I51: =I50 -> 79 | J51: =J50 -> 21
A52: =VLOOKUP(B52,'Sample ID by Horizon'!A:B,2,FALSE) -> 42521 | B52: X11.214.C3 | C52: =C49 -> 3 | D52: 8 | E52: 2 | F52: =SUM(D52:E52) -> 10 | G52: =D52/F52*100 -> 80 | H52: =E52/F52*100 -> 20 | I52: =I50 -> 79 | J52: =J50 -> 21
A53: =VLOOKUP(B53,'Sample ID by Horizon'!A:B,2,FALSE) -> 42521 | B53: X11.214.C4 | C53: =C50 -> 1 | D53: 8.1 | E53: 1.9 | F53: =SUM(D53:E53) -> 10 | G53: =D53/F53*100 -> 81 | H53: =E53/F53*100 -> 19 | I53: =AVERAGE(G53:G55) -> 82 | J53: =AVERAGE(H53:H55) -> 18
A54: =VLOOKUP(B54,'Sample ID by Horizon'!A:B,2,FALSE) -> 42521 | B54: X11.214.C4 | C54: =C51 -> 2 | D54: 8.2 | E54: 1.8 | F54: =SUM(D54:E54) -> 10 | G54: =D54/F54*100 -> 82 | H54: =E54/F54*100 -> 18 | I54: =I53 -> 82 | J54: =J53 -> 18
A55: =VLOOKUP(B55,'Sample ID by Horizon'!A:B,2,FALSE) -> 42521 | B55: X11.214.C4 | C55: =C52 -> 3 | D55: 8.3 | E55: 1.7 | F55: =SUM(D55:E55) -> 10 | G55: =D55/F55*100 -> 83 | H55: =E55/F55*100 -> 17 | I55: =I53 -> 82 | J55: =J53 -> 18
G56: =IFERROR(D56/F56,"") | H56: =IFERROR(E56/F56,"")
G57: =IFERROR(D57/F57,"") | H57: =IFERROR(E57/F57,"")
G58: =IFERROR(D58/F58,"") | H58: =IFERROR(E58/F58,"")
G59: =IFERROR(D59/F59,"") | H59: =IFERROR(E59/F59,"")
G60: =IFERROR(D60/F60,"") | H60: =IFERROR(E60/F60,"")
G61: =IFERROR(D61/F61,"") | H61: =IFERROR(E61/F61,"")
G62: =IFERROR(D62/F62,"") | H62: =IFERROR(E62/F62,"")
G63: =IFERROR(D63/F63,"") | H63: =IFERROR(E63/F63,"")
G64: =IFERROR(D64/F64,"") | H64: =IFERROR(E64/F64,"")
G65: =IFERROR(D65/F65,"") | H65: =IFERROR(E65/F65,"")
G66: =IFERROR(D66/F66,"") | H66: =IFERROR(E66/F66,"")
G67: =IFERROR(D67/F67,"") | H67: =IFERROR(E67/F67,"")
... G996: =IFERROR(D996/F996,"") | H996: =IFERROR(E996/F996,"")

Sheet Dry Sieve
C1: WA
A2: Date | B2: Sample ID (Shared Identifier) | C2: Weight #5 [4mm] | D2: Weight #10 [2mm] | E2: Weight #18 [1mm] | F2: Weight #35 [0.5mm] | G2: Weight #60 [0.25mm] | H2: Weight #120 [0.125mm] | I2: Weight #200 [.075mm] | J2: Weight <200 [<.075mm] | K2: Sum WT (g)
A3: =VLOOKUP(B3,'Sample ID by Horizon'!A:B,2,FALSE) -> 42500 | B3: X11.207.C1 | C3: 21.25 | D3: 10.86 | E3: 6.75 | F3: 5.09 | G3: 4.88 | H3: 4.62 | I3: 2.9 | J3: 2.58 | K3: =SUM(C3:J3) -> 58.93
A4: =VLOOKUP(B4,'Sample ID by Horizon'!A:B,2,FALSE) -> 42500 | B4: X11.207.C2 | C4: 31.55 | D4: 9.96 | E4: 6.87 | F4: 4.72 | G4: 3.88 | H4: 2.71 | I4: 1.41 | J4: 0.75 | K4: =SUM(C4:J4) -> 61.85
A5: =VLOOKUP(B5,'Sample ID by Horizon'!A:B,2,FALSE) -> 42500 | B5: X11.207.C3 | C5: 37.62 | D5: 21.5 | E5: 15.99 | F5: 14.51 | G5: 17.07 | H5: 12.52 | I5: 6.93 | J5: 4.75 | K5: =SUM(C5:J5) -> 130.89
A6: =VLOOKUP(B6,'Sample ID by Horizon'!A:B,2,FALSE) -> 42499 | B6: X11.208.C1 | C6: 60.84 | D6: 23.25 | E6: 17.05 | F6: 11.43 | G6: 6.6 | H6: 2.76 | I6: 0.94 | J6: 0.61 | K6: =SUM(C6:J6) -> 123.48
A7: =VLOOKUP(B7,'Sample ID by Horizon'!A:B,2,FALSE) -> 42499 | B7: X11.208.C2 | C7: 74.12 | D7: 25.14 | E7: 13.5 | F7: 5.23 | G7: 1.09 | H7: 0.3 | I7: 0.15 | J7: 0.14 | K7: =SUM(C7:J7) -> 119.67
A8: =VLOOKUP(B8,'Sample ID by Horizon'!A:B,2,FALSE) -> 42499 | B8: X11.208.C3 | C8: 155.61 | D8: 23.86 | E8: 13.44 | F8: 5.42 | G8: 1.61 | H8: 0.59 | I8: 0.28 | J8: 0.29 | K8: =SUM(C8:J8) -> 201.1
A9: =VLOOKUP(B9,'Sample ID by Horizon'!A:B,2,FALSE) -> 42505 | B9: X11.209.C1 | C9: 71.14 | D9: 32.5 | E9: 25.97 | F9: 13.67 | G9: 4.28 | H9: 1.03 | I9: 0.38 | J9: 0.5 | K9: =SUM(C9:J9) -> 149.47
A10: =VLOOKUP(B10,'Sample ID by Horizon'!A:B,2,FALSE) -> 42505 | B10: X11.209.C2 | C10: 101.47 | D10: 22.99 | E10: 13.42 | F10: 5.24 | G10: 1.57 | H10: 0.5 | I10: 0.24 | J10: 0.35 | K10: =SUM(C10:J10) -> 145.78
A11: =VLOOKUP(B11,'Sample ID by Horizon'!A:B,2,FALSE) -> 42505 | B11: X11.209.C3 | C11: 114.95 | D11: 16.26 | E11: 3.82 | F11: 0.86 | G11: 0.29 | H11: 0.12 | I11: 0.21 | J11: 0.1 | K11: =SUM(C11:J11) -> 136.61
A12: =VLOOKUP(B12,'Sample ID by Horizon'!A:B,2,FALSE) -> 42506 | B12: X11.210.C1 | C12: 44.23 | D12: 14.05 | E12: 16.06 | F12: 17.16 | G12: 12.97 | H12: 5.16 | I12: 1.81 | J12: 1.25 | K12: =SUM(C12:J12) -> 112.69
A13: =VLOOKUP(B13,'Sample ID by Horizon'!A:B,2,FALSE) -> 42506 | B13: X11.210.C2 | C13: 42.05 | D13: 19.28 | E13: 20.75 | F13: 19.91 | G13: 14.52 | H13: 5.13 | I13: 1.54 | J13: 0.94 | K13: =SUM(C13:J13) -> 124.12
A14: =VLOOKUP(B14,'Sample ID by Horizon'!A:B,2,FALSE) -> 42506 | B14: X11.210.C3 | C14: 49.96 | D14: 27.13 | E14: 29.58 | F14: 22.96 | G14: 13.3 | H14: 4.77 | I14: 1.67 | J14: 1.18 | K14: =SUM(C14:J14) -> 150.55
... A69: =VLOOKUP(B69,'Sample ID by Horizon'!A:B,2,FALSE) -> 42655 | B69: X11.262.C5 | C69: 1029 | D69: 301.02 | E69: 209.78 | F69: 132.62 | G69: 107.74 | H69: 161.82 | I69: 158.92 | J69: 236.6 | K69: =SUM(C69:J69) -> 2337.5
A70: =VLOOKUP(B70,'Sample ID by Horizon'!A:B,2,FALSE) -> 42655 | B70: X11.266.C1 | K70: =SUM(C70:J70) -> 0
A71: =VLOOKUP(B71,'Sample ID by Horizon'!A:B,2,FALSE) -> 42655 | B71: X11.266.C2 | K71: =SUM(C71:J71) -> 0
A72: =VLOOKUP(B72,'Sample ID by Horizon'!A:B,2,FALSE) -> 42655 | B72: X11.266.C3 | K72: =SUM(C72:J72) -> 0
A73: =VLOOKUP(B73,'Sample ID by Horizon'!A:B,2,FALSE) -> 42655 | B73: X11.266.C4 | K73: =SUM(C73:J73) -> 0
A74: =VLOOKUP(B74,'Sample ID by Horizon'!A:B,2,FALSE) -> 42655 | B74: X11.266.C5 | K74: =SUM(C74:J74) -> 0
A75: =VLOOKUP(B75,'Sample ID by Horizon'!A:B,2,FALSE) -> 42878 | B75: X15.45.C1 | C75: 37.79 | D75: 21.42 | E75: 15.61 | F75: 12.18 | G75: 10.96 | H75: 8.05 | I75: 3.91 | J75: 2.85 | K75: =SUM(C75:J75) -> 112.77
A76: =VLOOKUP(B76,'Sample ID by Horizon'!A:B,2,FALSE) -> 42878 | B76: X15.45.C2 | C76: 30.23 | D76: 29.41 | E76: 23.04 | F76: 17.64 | G76: 15.82 | H76: 13.97 | I76: 5.62 | J76: 4.02 | K76: =SUM(C76:J76) -> 139.75
A77: =VLOOKUP(B77,'Sample ID by Horizon'!A:B,2,FALSE) -> 42878 | B77: X15.45.C3 | C77: 70.08 | D77: 37.23 | E77: 22.84 | F77: 14.32 | G77: 11.79 | H77: 9.05 | I77: 4.48 | J77: 2.58 | K77: =SUM(C77:J77) -> 172.37
A78: =VLOOKUP(B78,'Sample ID by Horizon'!A:B,2,FALSE) -> 42878 | B78: X15.45.C4 | C78: 482 | D78: 193 | E78: 177 | F78: 155 | G78: 190 | H78: 135 | I78: 50 | J78: 29 | K78: =SUM(C78:J78) -> 1411
A79: =VLOOKUP(B79,'Sample ID by Horizon'!A:B,2,FALSE) -> 42878 | B79: X15.45.C5 | C79: 443 | D79: 176 | E79: 124 | F79: 85 | G79: 95 | H79: 998 | I79: 127 | J79: 80 | K79: =SUM(C79:J79) -> 2128
A80: =VLOOKUP(B80,'Sample ID by Horizon'!A:B,2,FALSE) -> 42878 | B80: X15.46.C1 | C80: 66.91 | D80: 28.51 | E80: 27.78 | F80: 17.01 | G80: 8.65 | H80: 3.02 | I80: 0.86 | J80: 0.56 | K80: =SUM(C80:J80) -> 153.3
A81: =VLOOKUP(B81,'Sample ID by Horizon'!A:B,2,FALSE) -> 42878 | B81: X15.46.C2 | C81: 81.46 | D81: 44.22 | E81: 33.27 | F81: 19.38 | G81: 9.34 | H81: 3.51 | I81: 1.05 | J81: 0.93 | K81: =SUM(C81:J81) -> 193.16
A82: =VLOOKUP(B82,'Sample ID by Horizon'!A:B,2,FALSE) -> 42878 | B82: X15.46.C3 | C82: 163.96 | D82: 34.28 | E82: 23.58 | F82: 12.57 | G82: 5.28 | H82: 2.3 | I82: 1.01 | J82: 0.7 | K82: =SUM(C82:J82) -> 243.68
A83: =VLOOKUP(B83,'Sample ID by Horizon'!A:B,2,FALSE) -> 42878 | B83: X15.46.C4 | C83: 1486 | D83: 138.91 | E83: 74.97 | F83: 37.8 | G83: 17.01 | H83: 9.51 | I83: 4.72 | J83: 10.17 | K83: =SUM(C83:J83) -> 1779.09
A84: =VLOOKUP(B84,'Sample ID by Horizon'!A:B,2,FALSE) -> 42878 | B84: X15.46.C5 | C84: 1806 | D84: 267 | E84: 160.61 | F84: 84.29 | G84: 41.62 | H84: 22.37 | I84: 18.24 | J84: 61.84 | K84: =SUM(C84:J84) -> 2461.97
A85: =VLOOKUP(B85,'Sample ID by Horizon'!A:B,2,FALSE) -> 42879 | B85: X15.47.C1 | C85: 64.48 | D85: 22.48 | E85: 19.63 | F85: 13.8 | G85: 6.71 | H85: 2.34 | I85: 0.86 | J85: 0.76 | K85: =SUM(C85:J85) -> 131.06
A86: =VLOOKUP(B86,'Sample ID by Horizon'!A:B,2,FALSE) -> 42879 | B86: X15.47.C2 | C86: 114.86 | D86: 30.51 | E86: 20.49 | F86: 9.94 | G86: 4.13 | H86: 1.59 | I86: 0.7 | J86: 0.77 | K86: =SUM(C86:J86) -> 182.99
... A174: =VLOOKUP(B174,'Sample ID by Horizon'!A:B,2,FALSE) -> 43230 | B174: 18130.CS08.C5 | C174: 113.26 | D174: 113.26 | E174: 70.13 | F174: 122.62 | G174: 157.23 | H174: 164.43 | I174: 133.18 | J174: 157.17 | K174: =SUM(C174:J174) -> 1031.28

Sheet Soil Stability-(T1)
A1: Date | B1: Sample ID (Shared Identifier) | C1: Size Classes | D1: Test | E1: Initial Wt. Soil (g) Wₒ | F1: Tin tare (g) | G1: Dry wt. w/ tin (g) | H1: Wₐ (g) | I1: Coarse wt. w/ tin (g) | J1: Wc (g) | K1: WSAi (%) | L1: Mean Wo (g) | M1: Mean Wc (g) | N1: Mean WSAi % | O1: Pawi Calculation 1 | P1: Pawi Calculation 2 | Q1: Pawi Calculation 3 | R1: Pawi Calculation 4 | S1: Pawi Calculation 5 | T1: Pawi Pantheon | U1: Stability Index (SI) by size class | V1: Whole Soil Stability Index (WSSI)
C2: WSA#5, #10, #18, #35, #60, #120, #200) | D2: (A,B,A1,B1) | K2: =IFERROR((H2-J2)/E2,"")
A3: =VLOOKUP(B2,'Sample ID by Horizon'!A:B,2,FALSE) -> #N/A | B3: X11.208.C1 | C3: #5 | D3: A | E3: 4.4 | F3: 1.72 | G3: 3.65 | H3: 1.93 | I3: 2 | J3: 0.28 | K3: 37.5 | L3: 4.2225 | M3: =AVERAGE(J3:J6) -> 0.2375 | N3: 33.903139 | O3: =VLOOKUP(B3,'Dry Sieve'!$B$2:$K$992,IF(C3="#5",2,IF(C3="#10",3,IF(C3="#18",4,IF(C3="#35",5,IF(C3="#60",6,IF(C3="#120",7,IF(C3="#200",8,IF(C3="<200",9)))))))),FALSE) -> 60.84 | P3: =SUMIFS(J:J,B:B,B3,C:C,C3)/COUNTIFS(B:B,B3,C:C,C3) -> 0.2375 | Q3: =SUMIFS(E:E,B:B,B3,C:C,C3)/COUNTIFS(B:B,B3,C:C,C3) -> 4.2225 | R3: =VLOOKUP(B3,'Dry Sieve'!$B$2:$K$992,IF(C3="#5",2,IF(C3="#10",3,IF(C3="#18",4,IF(C3="#35",5,IF(C3="#60",6,IF(C3="#120",7,IF(C3="#200",8,IF(C3="<200",9)))))))),FALSE) -> 60.84 | S3: =VLOOKUP(B3,'Dry Sieve'!$B$2:$K$992,10,FALSE) -> 123.48 | T3: 0.46499818 | U3: 0.15764898 | V3: =SUM(U3,U7,U11,U15,U19,U23,U27) -> 0.2688883
A4: =VLOOKUP(B3,'Sample ID by Horizon'!A:B,2,FALSE) -> 42499 | B4: X11.208.C1 | C4: #5 | D4: B | E4: 4.08 | F4: 1.74 | G4: 2.79 | H4: 1.05 | I4: 1.93 | J4: 0.19 | K4: 21.078431 | L4: =L3 -> 4.2225 | M4: =M3 -> 0.2375 | N4: =N3 -> 33.903139 | O4: =VLOOKUP(B4,'Dry Sieve'!$B$2:$K$992,IF(C4="#5",2,IF(C4="#10",3,IF(C4="#18",4,IF(C4="#35",5,IF(C4="#60",6,IF(C4="#120",7,IF(C4="#200",8,IF(C4="<200",9)))))))),FALSE) -> 60.84 | P4: =SUMIFS(J:J,B:B,B4,C:C,C4)/COUNTIFS(B:B,B4,C:C,C4) -> 0.2375 | Q4: =SUMIFS(E:E,B:B,B4,C:C,C4)/COUNTIFS(B:B,B4,C:C,C4) -> 4.2225 | R4: =VLOOKUP(B4,'Dry Sieve'!$B$2:$K$992,IF(C4="#5",2,IF(C4="#10",3,IF(C4="#18",4,IF(C4="#35",5,IF(C4="#60",6,IF(C4="#120",7,IF(C4="#200",8,IF(C4="<200",9)))))))),FALSE) -> 60.84 | S4: =VLOOKUP(B4,'Dry Sieve'!$B$2:$K$992,10,FALSE) -> 123.48 | T4: 0.46499818 | U4: 0.15764898 | V4: =V3 -> 0.2688883
A5: =VLOOKUP(B4,'Sample ID by Horizon'!A:B,2,FALSE) -> 42499 | B5: X11.208.C1 | C5: #5 | D5: A1 | E5: 4.1 | F5: 1.73 | G5: 3.31 | H5: 1.58 | I5: 1.94 | J5: 0.21 | K5: 33.414634 | L5: =L3 -> 4.2225 | M5: =M3 -> 0.2375 | N5: =N3 -> 33.903139 | O5: =VLOOKUP(B5,'Dry Sieve'!$B$2:$K$992,IF(C5="#5",2,IF(C5="#10",3,IF(C5="#18",4,IF(C5="#35",5,IF(C5="#60",6,IF(C5="#120",7,IF(C5="#200",8,IF(C5="<200",9)))))))),FALSE) -> 60.84 | P5: =SUMIFS(J:J,B:B,B5,C:C,C5)/COUNTIFS(B:B,B5,C:C,C5) -> 0.2375 | Q5: =SUMIFS(E:E,B:B,B5,C:C,C5)/COUNTIFS(B:B,B5,C:C,C5) -> 4.2225 | R5: =VLOOKUP(B5,'Dry Sieve'!$B$2:$K$992,IF(C5="#5",2,IF(C5="#10",3,IF(C5="#18",4,IF(C5="#35",5,IF(C5="#60",6,IF(C5="#120",7,IF(C5="#200",8,IF(C5="<200",9)))))))),FALSE) -> 60.84 | S5: =VLOOKUP(B5,'Dry Sieve'!$B$2:$K$992,10,FALSE) -> 123.48 | T5: 0.46499818 | U5: 0.15764898 | V5: =V3 -> 0.2688883
A6: =VLOOKUP(B5,'Sample ID by Horizon'!A:B,2,FALSE) -> 42499 | B6: X11.208.C1 | C6: #5 | D6: B1 | E6: 4.31 | F6: 1.74 | G6: 3.89 | H6: 2.15 | I6: 2.01 | J6: 0.27 | K6: 43.61949 | L6: =L3 -> 4.2225 | M6: =M3 -> 0.2375 | N6: =N3 -> 33.903139 | O6: =VLOOKUP(B6,'Dry Sieve'!$B$2:$K$992,IF(C6="#5",2,IF(C6="#10",3,IF(C6="#18",4,IF(C6="#35",5,IF(C6="#60",6,IF(C6="#120",7,IF(C6="#200",8,IF(C6="<200",9)))))))),FALSE) -> 60.84 | P6: =SUMIFS(J:J,B:B,B6,C:C,C6)/COUNTIFS(B:B,B6,C:C,C6) -> 0.2375 | Q6: =SUMIFS(E:E,B:B,B6,C:C,C6)/COUNTIFS(B:B,B6,C:C,C6) -> 4.2225 | R6: =VLOOKUP(B6,'Dry Sieve'!$B$2:$K$992,IF(C6="#5",2,IF(C6="#10",3,IF(C6="#18",4,IF(C6="#35",5,IF(C6="#60",6,IF(C6="#120",7,IF(C6="#200",8,IF(C6="<200",9)))))))),FALSE) -> 60.84 | S6: =VLOOKUP(B6,'Dry Sieve'!$B$2:$K$992,10,FALSE) -> 123.48 | T6: 0.46499818 | U6: 0.15764898 | V6: =V5 -> 0.2688883
A7: =VLOOKUP(B6,'Sample ID by Horizon'!A:B,2,FALSE) -> 42499 | B7: X11.208.C1 | C7: #10 | D7: A | E7: 3.93 | F7: 1.74 | G7: 3.41 | H7: 1.67 | I7: 2.36 | J7: 0.62 | K7: 26.717557 | L7: 3.9625 | M7: =AVERAGE(J7:J10) -> 0.5575 | N7: 34.100811 | O7: =VLOOKUP(B7,'Dry Sieve'!$B$2:$K$992,IF(C7="#5",2,IF(C7="#10",3,IF(C7="#18",4,IF(C7="#35",5,IF(C7="#60",6,IF(C7="#120",7,IF(C7="#200",8,IF(C7="<200",9)))))))),FALSE) -> 23.25 | P7: =SUMIFS(J:J,B:B,B7,C:C,C7)/COUNTIFS(B:B,B7,C:C,C7) -> 0.5575 | Q7: =SUMIFS(E:E,B:B,B7,C:C,C7)/COUNTIFS(B:B,B7,C:C,C7) -> 3.9625 | R7: =VLOOKUP(B7,'Dry Sieve'!$B$2:$K$992,IF(C7="#5",2,IF(C7="#10",3,IF(C7="#18",4,IF(C7="#35",5,IF(C7="#60",6,IF(C7="#120",7,IF(C7="#200",8,IF(C7="<200",9)))))))),FALSE) -> 23.25 | S7: =VLOOKUP(B7,'Dry Sieve'!$B$2:$K$992,10,FALSE) -> 123.48 | T7: 0.16179838 | U7: 0.047292481 | V7: =V5 -> 0.2688883
A8: =VLOOKUP(B7,'Sample ID by Horizon'!A:B,2,FALSE) -> 42499 | B8: X11.208.C1 | C8: #10 | D8: B | E8: 3.91 | F8: 1.74 | G8: 3.43 | H8: 1.69 | I8: 2.58 | J8: 0.84 | K8: 21.73913 | L8: =L7 -> 3.9625 | M8: =M7 -> 0.5575 | N8: =N7 -> 34.100811 | O8: =VLOOKUP(B8,'Dry Sieve'!$B$2:$K$992,IF(C8="#5",2,IF(C8="#10",3,IF(C8="#18",4,IF(C8="#35",5,IF(C8="#60",6,IF(C8="#120",7,IF(C8="#200",8,IF(C8="<200",9)))))))),FALSE) -> 23.25 | P8: =SUMIFS(J:J,B:B,B8,C:C,C8)/COUNTIFS(B:B,B8,C:C,C8) -> 0.5575 | Q8: =SUMIFS(E:E,B:B,B8,C:C,C8)/COUNTIFS(B:B,B8,C:C,C8) -> 3.9625 | R8: =VLOOKUP(B8,'Dry Sieve'!$B$2:$K$992,IF(C8="#5",2,IF(C8="#10",3,IF(C8="#18",4,IF(C8="#35",5,IF(C8="#60",6,IF(C8="#120",7,IF(C8="#200",8,IF(C8="<200",9)))))))),FALSE) -> 23.25 | S8: =VLOOKUP(B8,'Dry Sieve'!$B$2:$K$992,10,FALSE) -> 123.48 | T8: 0.16179838 | U8: 0.047292481 | V8: =V7 -> 0.2688883
A9: =VLOOKUP(B8,'Sample ID by Horizon'!A:B,2,FALSE) -> 42499 | B9: X11.208.C1 | C9: #10 | D9: A1 | E9: 3.98 | F9: 1.72 | G9: 4.02 | H9: 2.3 | I9: 2.09 | J9: 0.37 | K9: 48.492462 | L9: =L7 -> 3.9625 | M9: =M7 -> 0.5575 | N9: =N7 -> 34.100811 | O9: =VLOOKUP(B9,'Dry Sieve'!$B$2:$K$992,IF(C9="#5",2,IF(C9="#10",3,IF(C9="#18",4,IF(C9="#35",5,IF(C9="#60",6,IF(C9="#120",7,IF(C9="#200",8,IF(C9="<200",9)))))))),FALSE) -> 23.25 | P9: =SUMIFS(J:J,B:B,B9,C:C,C9)/COUNTIFS(B:B,B9,C:C,C9) -> 0.5575 | Q9: =SUMIFS(E:E,B:B,B9,C:C,C9)/COUNTIFS(B:B,B9,C:C,C9) -> 3.9625 | R9: =VLOOKUP(B9,'Dry Sieve'!$B$2:$K$992,IF(C9="#5",2,IF(C9="#10",3,IF(C9="#18",4,IF(C9="#35",5,IF(C9="#60",6,IF(C9="#120",7,IF(C9="#200",8,IF(C9="<200",9)))))))),FALSE) -> 23.25 | S9: =VLOOKUP(B9,'Dry Sieve'!$B$2:$K$992,10,FALSE) -> 123.48 | T9: 0.16179838 | U9: 0.047292481 | V9: =V7 -> 0.2688883
A10: =VLOOKUP(B9,'Sample ID by Horizon'!A:B,2,FALSE) -> 42499 | B10: X11.208.C1 | C10: #10 | D10: B1 | E10: 4.03 | F10: 1.73 | G10: 3.72 | H10: 1.99 | I10: 2.13 | J10: 0.4 | K10: 39.454094 | L10: =L7 -> 3.9625 | M10: =M7 -> 0.5575 | N10: =N7 -> 34.100811 | O10: =VLOOKUP(B10,'Dry Sieve'!$B$2:$K$992,IF(C10="#5",2,IF(C10="#10",3,IF(C10="#18",4,IF(C10="#35",5,IF(C10="#60",6,IF(C10="#120",7,IF(C10="#200",8,IF(C10="<200",9)))))))),FALSE) -> 23.25 | P10: =SUMIFS(J:J,B:B,B10,C:C,C10)/COUNTIFS(B:B,B10,C:C,C10) -> 0.5575 | Q10: =SUMIFS(E:E,B:B,B10,C:C,C10)/COUNTIFS(B:B,B10,C:C,C10) -> 3.9625 | R10: =VLOOKUP(B10,'Dry Sieve'!$B$2:$K$992,IF(C10="#5",2,IF(C10="#10",3,IF(C10="#18",4,IF(C10="#35",5,IF(C10="#60",6,IF(C10="#120",7,IF(C10="#200",8,IF(C10="<200",9)))))))),FALSE) -> 23.25 | S10: =VLOOKUP(B10,'Dry Sieve'!$B$2:$K$992,10,FALSE) -> 123.48 | T10: 0.16179838 | U10: 0.047292481 | V10: =V9 -> 0.2688883
A11: =VLOOKUP(B10,'Sample ID by Horizon'!A:B,2,FALSE) -> 42499 | B11: X11.208.C1 | C11: #18 | D11: A | E11: 2.1 | F11: 1.73 | G11: 3.02 | H11: 1.29 | I11: 2.1 | J11: 0.37 | K11: 43.809524 | L11: 2.08 | M11: =AVERAGE(J11:J14) -> 0.355 | N11: 39.951514 | O11: =VLOOKUP(B11,'Dry Sieve'!$B$2:$K$992,IF(C11="#5",2,IF(C11="#10",3,IF(C11="#18",4,IF(C11="#35",5,IF(C11="#60",6,IF(C11="#120",7,IF(C11="#200",8,IF(C11="<200",9)))))))),FALSE) -> 17.05 | P11: =SUMIFS(J:J,B:B,B11,C:C,C11)/COUNTIFS(B:B,B11,C:C,C11) -> 0.355 | Q11: =SUMIFS(E:E,B:B,B11,C:C,C11)/COUNTIFS(B:B,B11,C:C,C11) -> 2.08 | R11: =VLOOKUP(B11,'Dry Sieve'!$B$2:$K$992,IF(C11="#5",2,IF(C11="#10",3,IF(C11="#18",4,IF(C11="#35",5,IF(C11="#60",6,IF(C11="#120",7,IF(C11="#200",8,IF(C11="<200",9)))))))),FALSE) -> 17.05 | S11: =VLOOKUP(B11,'Dry Sieve'!$B$2:$K$992,10,FALSE) -> 123.48 | T11: 0.11451267 | U11: 0.032678246 | V11: =V9 -> 0.2688883
A12: =VLOOKUP(B11,'Sample ID by Horizon'!A:B,2,FALSE) -> 42499 | B12: X11.208.C1 | C12: #18 | D12: B | E12: 2.04 | F12: 1.74 | G12: 2.83 | H12: 1.09 | I12: 2.03 | J12: 0.29 | K12: 39.215686 | L12: =L11 -> 2.08 | M12: =M11 -> 0.355 | N12: =N11 -> 39.951514 | O12: =VLOOKUP(B12,'Dry Sieve'!$B$2:$K$992,IF(C12="#5",2,IF(C12="#10",3,IF(C12="#18",4,IF(C12="#35",5,IF(C12="#60",6,IF(C12="#120",7,IF(C12="#200",8,IF(C12="<200",9)))))))),FALSE) -> 17.05 | P12: =SUMIFS(J:J,B:B,B12,C:C,C12)/COUNTIFS(B:B,B12,C:C,C12) -> 0.355 | Q12: =SUMIFS(E:E,B:B,B12,C:C,C12)/COUNTIFS(B:B,B12,C:C,C12) -> 2.08 | R12: =VLOOKUP(B12,'Dry Sieve'!$B$2:$K$992,IF(C12="#5",2,IF(C12="#10",3,IF(C12="#18",4,IF(C12="#35",5,IF(C12="#60",6,IF(C12="#120",7,IF(C12="#200",8,IF(C12="<200",9)))))))),FALSE) -> 17.05 | S12: =VLOOKUP(B12,'Dry Sieve'!$B$2:$K$992,10,FALSE) -> 123.48 | T12: 0.11451267 | U12: 0.032678246 | V12: =V11 -> 0.2688883
A13: =VLOOKUP(B12,'Sample ID by Horizon'!A:B,2,FALSE) -> 42499 | B13: X11.208.C1 | C13: #18 | D13: A1 | E13: 2.15 | F13: 1.73 | G13: 3.06 | H13: 1.33 | I13: 2.14 | J13: 0.41 | K13: 42.790698 | L13: =L11 -> 2.08 | M13: =M11 -> 0.355 | N13: =N11 -> 39.951514 | O13: =VLOOKUP(B13,'Dry Sieve'!$B$2:$K$992,IF(C13="#5",2,IF(C13="#10",3,IF(C13="#18",4,IF(C13="#35",5,IF(C13="#60",6,IF(C13="#120",7,IF(C13="#200",8,IF(C13="<200",9)))))))),FALSE) -> 17.05 | P13: =SUMIFS(J:J,B:B,B13,C:C,C13)/COUNTIFS(B:B,B13,C:C,C13) -> 0.355 | Q13: =SUMIFS(E:E,B:B,B13,C:C,C13)/COUNTIFS(B:B,B13,C:C,C13) -> 2.08 | R13: =VLOOKUP(B13,'Dry Sieve'!$B$2:$K$992,IF(C13="#5",2,IF(C13="#10",3,IF(C13="#18",4,IF(C13="#35",5,IF(C13="#60",6,IF(C13="#120",7,IF(C13="#200",8,IF(C13="<200",9)))))))),FALSE) -> 17.05 | S13: =VLOOKUP(B13,'Dry Sieve'!$B$2:$K$992,10,FALSE) -> 123.48 | T13: 0.11451267 | U13: 0.032678246 | V13: =V11 -> 0.2688883
A14: =VLOOKUP(B13,'Sample ID by Horizon'!A:B,2,FALSE) -> 42499 | B14: X11.208.C1 | C14: #18 | D14: B1 | E14: 2.03 | F14: 1.74 | G14: 2.78 | H14: 1.04 | I14: 2.09 | J14: 0.35 | K14: 33.990148 | L14: =L11 -> 2.08 | M14: =M11 -> 0.355 | N14: =N11 -> 39.951514 | O14: =VLOOKUP(B14,'Dry Sieve'!$B$2:$K$992,IF(C14="#5",2,IF(C14="#10",3,IF(C14="#18",4,IF(C14="#35",5,IF(C14="#60",6,IF(C14="#120",7,IF(C14="#200",8,IF(C14="<200",9)))))))),FALSE) -> 17.05 | P14: =SUMIFS(J:J,B:B,B14,C:C,C14)/COUNTIFS(B:B,B14,C:C,C14) -> 0.355 | Q14: =SUMIFS(E:E,B:B,B14,C:C,C14)/COUNTIFS(B:B,B14,C:C,C14) -> 2.08 | R14: =VLOOKUP(B14,'Dry Sieve'!$B$2:$K$992,IF(C14="#5",2,IF(C14="#10",3,IF(C14="#18",4,IF(C14="#35",5,IF(C14="#60",6,IF(C14="#120",7,IF(C14="#200",8,IF(C14="<200",9)))))))),FALSE) -> 17.05 | S14: =VLOOKUP(B14,'Dry Sieve'!$B$2:$K$992,10,FALSE) -> 123.48 | T14: 0.11451267 | U14: 0.032678246 | V14: =V13 -> 0.2688883
A15: =VLOOKUP(B14,'Sample ID by Horizon'!A:B,2,FALSE) -> 42499 | B15: X11.208.C1 | C15: #35 | D15: A | E15: 2.01 | F15: 1.74 | G15: 3.28 | H15: 1.54 | I15: 2.31 | J15: 0.57 | K15: 48.258706 | L15: 2.055 | M15: =AVERAGE(J15:J18) -> 0.5175 | N15: 48.164038 | O15: =VLOOKUP(B15,'Dry Sieve'!$B$2:$K$992,IF(C15="#5",2,IF(C15="#10",3,IF(C15="#18",4,IF(C15="#35",5,IF(C15="#60",6,IF(C15="#120",7,IF(C15="#200",8,IF(C15="<200",9)))))))),FALSE) -> 11.43 | P15: =SUMIFS(J:J,B:B,B15,C:C,C15)/COUNTIFS(B:B,B15,C:C,C15) -> 0.5175 | Q15: =SUMIFS(E:E,B:B,B15,C:C,C15)/COUNTIFS(B:B,B15,C:C,C15) -> 2.055 | R15: =VLOOKUP(B15,'Dry Sieve'!$B$2:$K$992,IF(C15="#5",2,IF(C15="#10",3,IF(C15="#18",4,IF(C15="#35",5,IF(C15="#60",6,IF(C15="#120",7,IF(C15="#200",8,IF(C15="<200",9)))))))),FALSE) -> 11.43 | S15: =VLOOKUP(B15,'Dry Sieve'!$B$2:$K$992,10,FALSE) -> 123.48 | T15: 0.069255283 | U15: 0.019060652 | V15: =V13 -> 0.2688883
A16: =VLOOKUP(B15,'Sample ID by Horizon'!A:B,2,FALSE) -> 42499 | B16: X11.208.C1 | C16: #35 | D16: B | E16: 2.11 | F16: 1.73 | G16: 3.2 | H16: 1.47 | I16: 2.14 | J16: 0.41 | K16: 50.236967 | L16: =L15 -> 2.055 | M16: =M15 -> 0.5175 | N16: =N15 -> 48.164038 | O16: =VLOOKUP(B16,'Dry Sieve'!$B$2:$K$992,IF(C16="#5",2,IF(C16="#10",3,IF(C16="#18",4,IF(C16="#35",5,IF(C16="#60",6,IF(C16="#120",7,IF(C16="#200",8,IF(C16="<200",9)))))))),FALSE) -> 11.43 | P16: =SUMIFS(J:J,B:B,B16,C:C,C16)/COUNTIFS(B:B,B16,C:C,C16) -> 0.5175 | Q16: =SUMIFS(E:E,B:B,B16,C:C,C16)/COUNTIFS(B:B,B16,C:C,C16) -> 2.055 | R16: =VLOOKUP(B16,'Dry Sieve'!$B$2:$K$992,IF(C16="#5",2,IF(C16="#10",3,IF(C16="#18",4,IF(C16="#35",5,IF(C16="#60",6,IF(C16="#120",7,IF(C16="#200",8,IF(C16="<200",9)))))))),FALSE) -> 11.43 | S16: =VLOOKUP(B16,'Dry Sieve'!$B$2:$K$992,10,FALSE) -> 123.48 | T16: 0.069255283 | U16: 0.019060652 | V16: =V15 -> 0.2688883
A17: =VLOOKUP(B16,'Sample ID by Horizon'!A:B,2,FALSE) -> 42499 | B17: X11.208.C1 | C17: #35 | D17: A1 | E17: 2.06 | F17: 1.73 | G17: 3.27 | H17: 1.54 | I17: 2.33 | J17: 0.6 | K17: 45.631068 | L17: =L15 -> 2.055 | M17: =M15 -> 0.5175 | N17: =N15 -> 48.164038 | O17: =VLOOKUP(B17,'Dry Sieve'!$B$2:$K$992,IF(C17="#5",2,IF(C17="#10",3,IF(C17="#18",4,IF(C17="#35",5,IF(C17="#60",6,IF(C17="#120",7,IF(C17="#200",8,IF(C17="<200",9)))))))),FALSE) -> 11.43 | P17: =SUMIFS(J:J,B:B,B17,C:C,C17)/COUNTIFS(B:B,B17,C:C,C17) -> 0.5175 | Q17: =SUMIFS(E:E,B:B,B17,C:C,C17)/COUNTIFS(B:B,B17,C:C,C17) -> 2.055 | R17: =VLOOKUP(B17,'Dry Sieve'!$B$2:$K$992,IF(C17="#5",2,IF(C17="#10",3,IF(C17="#18",4,IF(C17="#35",5,IF(C17="#60",6,IF(C17="#120",7,IF(C17="#200",8,IF(C17="<200",9)))))))),FALSE) -> 11.43 | S17: =VLOOKUP(B17,'Dry Sieve'!$B$2:$K$992,10,FALSE) -> 123.48 | T17: 0.069255283 | U17: 0.019060652 | V17: =V15 -> 0.2688883
A18: =VLOOKUP(B17,'Sample ID by Horizon'!A:B,2,FALSE) -> 42499 | B18: X11.208.C1 | C18: #35 | D18: B1 | E18: 2.04 | F18: 1.74 | G18: 3.22 | H18: 1.48 | I18: 2.23 | J18: 0.49 | K18: 48.529412 | L18: =L15 -> 2.055 | M18: =M15 -> 0.5175 | N18: =N15 -> 48.164038 | O18: =VLOOKUP(B18,'Dry Sieve'!$B$2:$K$992,IF(C18="#5",2,IF(C18="#10",3,IF(C18="#18",4,IF(C18="#35",5,IF(C18="#60",6,IF(C18="#120",7,IF(C18="#200",8,IF(C18="<200",9)))))))),FALSE) -> 11.43 | P18: =SUMIFS(J:J,B:B,B18,C:C,C18)/COUNTIFS(B:B,B18,C:C,C18) -> 0.5175 | Q18: =SUMIFS(E:E,B:B,B18,C:C,C18)/COUNTIFS(B:B,B18,C:C,C18) -> 2.055 | R18: =VLOOKUP(B18,'Dry Sieve'!$B$2:$K$992,IF(C18="#5",2,IF(C18="#10",3,IF(C18="#18",4,IF(C18="#35",5,IF(C18="#60",6,IF(C18="#120",7,IF(C18="#200",8,IF(C18="<200",9)))))))),FALSE) -> 11.43 | S18: =VLOOKUP(B18,'Dry Sieve'!$B$2:$K$992,10,FALSE) -> 123.48 | T18: 0.069255283 | U18: 0.019060652 | V18: =V17 -> 0.2688883
A19: =VLOOKUP(B18,'Sample ID by Horizon'!A:B,2,FALSE) -> 42499 | B19: X11.208.C1 | C19: #60 | D19: A | E19: 1.05 | F19: 1.73 | G19: 2.67 | H19: 0.94 | I19: 1.99 | J19: 0.26 | K19: 64.761905 | L19: 1.05 | M19: =AVERAGE(J19:J22) -> 0.2875 | N19: 61.45894 | O19: =VLOOKUP(B19,'Dry Sieve'!$B$2:$K$992,IF(C19="#5",2,IF(C19="#10",3,IF(C19="#18",4,IF(C19="#35",5,IF(C19="#60",6,IF(C19="#120",7,IF(C19="#200",8,IF(C19="<200",9)))))))),FALSE) -> 6.6 | P19: =SUMIFS(J:J,B:B,B19,C:C,C19)/COUNTIFS(B:B,B19,C:C,C19) -> 0.2875 | Q19: =SUMIFS(E:E,B:B,B19,C:C,C19)/COUNTIFS(B:B,B19,C:C,C19) -> 1.05 | R19: =VLOOKUP(B19,'Dry Sieve'!$B$2:$K$992,IF(C19="#5",2,IF(C19="#10",3,IF(C19="#18",4,IF(C19="#35",5,IF(C19="#60",6,IF(C19="#120",7,IF(C19="#200",8,IF(C19="<200",9)))))))),FALSE) -> 6.6 | S19: =VLOOKUP(B19,'Dry Sieve'!$B$2:$K$992,10,FALSE) -> 123.48 | T19: 0.038814846 | U19: 0.010223654 | V19: =V17 -> 0.2688883
A20: =VLOOKUP(B19,'Sample ID by Horizon'!A:B,2,FALSE) -> 42499 | B20: X11.208.C1 | C20: #60 | D20: B | E20: 1.03 | F20: 1.73 | G20: 2.61 | H20: 0.88 | I20: 2.01 | J20: 0.28 | K20: 58.252427 | L20: =L19 -> 1.05 | M20: =M19 -> 0.2875 | N20: =N19 -> 61.45894 | O20: =VLOOKUP(B20,'Dry Sieve'!$B$2:$K$992,IF(C20="#5",2,IF(C20="#10",3,IF(C20="#18",4,IF(C20="#35",5,IF(C20="#60",6,IF(C20="#120",7,IF(C20="#200",8,IF(C20="<200",9)))))))),FALSE) -> 6.6 | P20: =SUMIFS(J:J,B:B,B20,C:C,C20)/COUNTIFS(B:B,B20,C:C,C20) -> 0.2875 | Q20: =SUMIFS(E:E,B:B,B20,C:C,C20)/COUNTIFS(B:B,B20,C:C,C20) -> 1.05 | R20: =VLOOKUP(B20,'Dry Sieve'!$B$2:$K$992,IF(C20="#5",2,IF(C20="#10",3,IF(C20="#18",4,IF(C20="#35",5,IF(C20="#60",6,IF(C20="#120",7,IF(C20="#200",8,IF(C20="<200",9)))))))),FALSE) -> 6.6 | S20: =VLOOKUP(B20,'Dry Sieve'!$B$2:$K$992,10,FALSE) -> 123.48 | T20: 0.038814846 | U20: 0.010223654 | V20: =V19 -> 0.2688883
A21: =VLOOKUP(B20,'Sample ID by Horizon'!A:B,2,FALSE) -> 42499 | B21: X11.208.C1 | C21: #60 | D21: A1 | E21: 1 | F21: 1.73 | G21: 2.66 | H21: 0.93 | I21: 2.03 | J21: 0.3 | K21: 63 | L21: =L19 -> 1.05 | M21: =M19 -> 0.2875 | N21: =N19 -> 61.45894 | O21: =VLOOKUP(B21,'Dry Sieve'!$B$2:$K$992,IF(C21="#5",2,IF(C21="#10",3,IF(C21="#18",4,IF(C21="#35",5,IF(C21="#60",6,IF(C21="#120",7,IF(C21="#200",8,IF(C21="<200",9)))))))),FALSE) -> 6.6 | P21: =SUMIFS(J:J,B:B,B21,C:C,C21)/COUNTIFS(B:B,B21,C:C,C21) -> 0.2875 | Q21: =SUMIFS(E:E,B:B,B21,C:C,C21)/COUNTIFS(B:B,B21,C:C,C21) -> 1.05 | R21: =VLOOKUP(B21,'Dry Sieve'!$B$2:$K$992,IF(C21="#5",2,IF(C21="#10",3,IF(C21="#18",4,IF(C21="#35",5,IF(C21="#60",6,IF(C21="#120",7,IF(C21="#200",8,IF(C21="<200",9)))))))),FALSE) -> 6.6 | S21: =VLOOKUP(B21,'Dry Sieve'!$B$2:$K$992,10,FALSE) -> 123.48 | T21: 0.038814846 | U21: 0.010223654 | V21: =V19 -> 0.2688883
A22: =VLOOKUP(B21,'Sample ID by Horizon'!A:B,2,FALSE) -> 42499 | B22: X11.208.C1 | C22: #60 | D22: B1 | E22: 1.12 | F22: 1.74 | G22: 2.72 | H22: 0.98 | I22: 2.05 | J22: 0.31 | K22: 59.821429 | L22: =L19 -> 1.05 | M22: =M19 -> 0.2875 | N22: =N19 -> 61.45894 | O22: =VLOOKUP(B22,'Dry Sieve'!$B$2:$K$992,IF(C22="#5",2,IF(C22="#10",3,IF(C22="#18",4,IF(C22="#35",5,IF(C22="#60",6,IF(C22="#120",7,IF(C22="#200",8,IF(C22="<200",9)))))))),FALSE) -> 6.6 | P22: =SUMIFS(J:J,B:B,B22,C:C,C22)/COUNTIFS(B:B,B22,C:C,C22) -> 0.2875 | Q22: =SUMIFS(E:E,B:B,B22,C:C,C22)/COUNTIFS(B:B,B22,C:C,C22) -> 1.05 | R22: =VLOOKUP(B22,'Dry Sieve'!$B$2:$K$992,IF(C22="#5",2,IF(C22="#10",3,IF(C22="#18",4,IF(C22="#35",5,IF(C22="#60",6,IF(C22="#120",7,IF(C22="#200",8,IF(C22="<200",9)))))))),FALSE) -> 6.6 | S22: =VLOOKUP(B22,'Dry Sieve'!$B$2:$K$992,10,FALSE) -> 123.48 | T22: 0.038814846 | U22: 0.010223654 | V22: =V21 -> 0.2688883
A23: =VLOOKUP(B22,'Sample ID by Horizon'!A:B,2,FALSE) -> 42499 | B23: X11.208.C1 | C23: #120 | D23: A | E23: 0.52 | F23: 1.73 | G23: 2.23 | H23: 0.5 | I23: 1.96 | J23: 0.23 | K23: 51.923077 | L23: 0.5275 | M23: =AVERAGE(J23:J26) -> 0.2375 | N23: 52.142128 | O23: =VLOOKUP(B23,'Dry Sieve'!$B$2:$K$992,IF(C23="#5",2,IF(C23="#10",3,IF(C23="#18",4,IF(C23="#35",5,IF(C23="#60",6,IF(C23="#120",7,IF(C23="#200",8,IF(C23="<200",9)))))))),FALSE) -> 2.76 | P23: =SUMIFS(J:J,B:B,B23,C:C,C23)/COUNTIFS(B:B,B23,C:C,C23) -> 0.2375 | Q23: =SUMIFS(E:E,B:B,B23,C:C,C23)/COUNTIFS(B:B,B23,C:C,C23) -> 0.5275 | R23: =VLOOKUP(B23,'Dry Sieve'!$B$2:$K$992,IF(C23="#5",2,IF(C23="#10",3,IF(C23="#18",4,IF(C23="#35",5,IF(C23="#60",6,IF(C23="#120",7,IF(C23="#200",8,IF(C23="<200",9)))))))),FALSE) -> 2.76 | S23: =VLOOKUP(B23,'Dry Sieve'!$B$2:$K$992,10,FALSE) -> 123.48 | T23: 0.012288192 | U23: 0.0018306642 | V23: =V21 -> 0.2688883
A24: =VLOOKUP(B23,'Sample ID by Horizon'!A:B,2,FALSE) -> 42499 | B24: X11.208.C1 | C24: #120 | D24: B | E24: 0.54 | F24: 1.73 | G24: 2.25 | H24: 0.52 | I24: 1.94 | J24: 0.21 | K24: 57.407407 | L24: =L23 -> 0.5275 | M24: =M23 -> 0.2375 | N24: =N23 -> 52.142128 | O24: =VLOOKUP(B24,'Dry Sieve'!$B$2:$K$992,IF(C24="#5",2,IF(C24="#10",3,IF(C24="#18",4,IF(C24="#35",5,IF(C24="#60",6,IF(C24="#120",7,IF(C24="#200",8,IF(C24="<200",9)))))))),FALSE) -> 2.76 | P24: =SUMIFS(J:J,B:B,B24,C:C,C24)/COUNTIFS(B:B,B24,C:C,C24) -> 0.2375 | Q24: =SUMIFS(E:E,B:B,B24,C:C,C24)/COUNTIFS(B:B,B24,C:C,C24) -> 0.5275 | R24: =VLOOKUP(B24,'Dry Sieve'!$B$2:$K$992,IF(C24="#5",2,IF(C24="#10",3,IF(C24="#18",4,IF(C24="#35",5,IF(C24="#60",6,IF(C24="#120",7,IF(C24="#200",8,IF(C24="<200",9)))))))),FALSE) -> 2.76 | S24: =VLOOKUP(B24,'Dry Sieve'!$B$2:$K$992,10,FALSE) -> 123.48 | T24: 0.012288192 | U24: 0.0018306642 | V24: =V23 -> 0.2688883
A25: =VLOOKUP(B24,'Sample ID by Horizon'!A:B,2,FALSE) -> 42499 | B25: X11.208.C1 | C25: #120 | D25: A1 | E25: 0.53 | F25: 1.72 | G25: 2.24 | H25: 0.52 | I25: 2.03 | J25: 0.31 | K25: 39.622642 | L25: =L23 -> 0.5275 | M25: =M23 -> 0.2375 | N25: =N23 -> 52.142128 | O25: =VLOOKUP(B25,'Dry Sieve'!$B$2:$K$992,IF(C25="#5",2,IF(C25="#10",3,IF(C25="#18",4,IF(C25="#35",5,IF(C25="#60",6,IF(C25="#120",7,IF(C25="#200",8,IF(C25="<200",9)))))))),FALSE) -> 2.76 | P25: =SUMIFS(J:J,B:B,B25,C:C,C25)/COUNTIFS(B:B,B25,C:C,C25) -> 0.2375 | Q25: =SUMIFS(E:E,B:B,B25,C:C,C25)/COUNTIFS(B:B,B25,C:C,C25) -> 0.5275 | R25: =VLOOKUP(B25,'Dry Sieve'!$B$2:$K$992,IF(C25="#5",2,IF(C25="#10",3,IF(C25="#18",4,IF(C25="#35",5,IF(C25="#60",6,IF(C25="#120",7,IF(C25="#200",8,IF(C25="<200",9)))))))),FALSE) -> 2.76 | S25: =VLOOKUP(B25,'Dry Sieve'!$B$2:$K$992,10,FALSE) -> 123.48 | T25: 0.012288192 | U25: 0.0018306642 | V25: =V23 -> 0.2688883
A26: =VLOOKUP(B25,'Sample ID by Horizon'!A:B,2,FALSE) -> 42499 | B26: X11.208.C1 | C26: #120 | D26: B1 | E26: 0.52 | F26: 1.74 | G26: 2.25 | H26: 0.51 | I26: 1.94 | J26: 0.2 | K26: 59.615385 | L26: =L23 -> 0.5275 | M26: =M23 -> 0.2375 | N26: =N23 -> 52.142128 | O26: =VLOOKUP(B26,'Dry Sieve'!$B$2:$K$992,IF(C26="#5",2,IF(C26="#10",3,IF(C26="#18",4,IF(C26="#35",5,IF(C26="#60",6,IF(C26="#120",7,IF(C26="#200",8,IF(C26="<200",9)))))))),FALSE) -> 2.76 | P26: =SUMIFS(J:J,B:B,B26,C:C,C26)/COUNTIFS(B:B,B26,C:C,C26) -> 0.2375 | Q26: =SUMIFS(E:E,B:B,B26,C:C,C26)/COUNTIFS(B:B,B26,C:C,C26) -> 0.5275 | R26: =VLOOKUP(B26,'Dry Sieve'!$B$2:$K$992,IF(C26="#5",2,IF(C26="#10",3,IF(C26="#18",4,IF(C26="#35",5,IF(C26="#60",6,IF(C26="#120",7,IF(C26="#200",8,IF(C26="<200",9)))))))),FALSE) -> 2.76 | S26: =VLOOKUP(B26,'Dry Sieve'!$B$2:$K$992,10,FALSE) -> 123.48 | T26: 0.012288192 | U26: 0.0018306642 | V26: =V25 -> 0.2688883
A27: =VLOOKUP(B26,'Sample ID by Horizon'!A:B,2,FALSE) -> 42499 | B27: X11.208.C1 | C27: #200 | D27: A | E27: 0.21 | F27: 1.73 | G27: 1.94 | H27: 0.21 | I27: 1.88 | J27: 0.15 | K27: 28.571429 | L27: 0.2125 | M27: =AVERAGE(J27:J30) -> 0.135 | N27: 38.733766 | O27: =VLOOKUP(B27,'Dry Sieve'!$B$2:$K$992,IF(C27="#5",2,IF(C27="#10",3,IF(C27="#18",4,IF(C27="#35",5,IF(C27="#60",6,IF(C27="#120",7,IF(C27="#200",8,IF(C27="<200",9)))))))),FALSE) -> 0.94 | P27: =SUMIFS(J:J,B:B,B27,C:C,C27)/COUNTIFS(B:B,B27,C:C,C27) -> 0.135 | Q27: =SUMIFS(E:E,B:B,B27,C:C,C27)/COUNTIFS(B:B,B27,C:C,C27) -> 0.2125 | R27: =VLOOKUP(B27,'Dry Sieve'!$B$2:$K$992,IF(C27="#5",2,IF(C27="#10",3,IF(C27="#18",4,IF(C27="#35",5,IF(C27="#60",6,IF(C27="#120",7,IF(C27="#200",8,IF(C27="<200",9)))))))),FALSE) -> 0.94 | S27: =VLOOKUP(B27,'Dry Sieve'!$B$2:$K$992,10,FALSE) -> 123.48 | T27: 0.0027763486 | U27: 0.00015362634 | V27: =V25 -> 0.2688883
A28: =VLOOKUP(B27,'Sample ID by Horizon'!A:B,2,FALSE) -> 42499 | B28: X11.208.C1 | C28: #200 | D28: B | E28: 0.22 | F28: 1.73 | G28: 1.95 | H28: 0.22 | I28: 1.87 | J28: 0.14 | K28: 36.363636 | L28: =L27 -> 0.2125 | M28: =M27 -> 0.135 | N28: =N27 -> 38.733766 | O28: =VLOOKUP(B28,'Dry Sieve'!$B$2:$K$992,IF(C28="#5",2,IF(C28="#10",3,IF(C28="#18",4,IF(C28="#35",5,IF(C28="#60",6,IF(C28="#120",7,IF(C28="#200",8,IF(C28="<200",9)))))))),FALSE) -> 0.94 | P28: =SUMIFS(J:J,B:B,B28,C:C,C28)/COUNTIFS(B:B,B28,C:C,C28) -> 0.135 | Q28: =SUMIFS(E:E,B:B,B28,C:C,C28)/COUNTIFS(B:B,B28,C:C,C28) -> 0.2125 | R28: =VLOOKUP(B28,'Dry Sieve'!$B$2:$K$992,IF(C28="#5",2,IF(C28="#10",3,IF(C28="#18",4,IF(C28="#35",5,IF(C28="#60",6,IF(C28="#120",7,IF(C28="#200",8,IF(C28="<200",9)))))))),FALSE) -> 0.94 | S28: =VLOOKUP(B28,'Dry Sieve'!$B$2:$K$992,10,FALSE) -> 123.48 | T28: 0.0027763486 | U28: 0.00015362634 | V28: =V27 -> 0.2688883
A29: =VLOOKUP(B28,'Sample ID by Horizon'!A:B,2,FALSE) -> 42499 | B29: X11.208.C1 | C29: #200 | D29: A1 | E29: 0.22 | F29: 1.73 | G29: 1.96 | H29: 0.23 | I29: 1.85 | J29: 0.12 | K29: 50 | L29: =L27 -> 0.2125 | M29: =M27 -> 0.135 | N29: =N27 -> 38.733766 | O29: =VLOOKUP(B29,'Dry Sieve'!$B$2:$K$992,IF(C29="#5",2,IF(C29="#10",3,IF(C29="#18",4,IF(C29="#35",5,IF(C29="#60",6,IF(C29="#120",7,IF(C29="#200",8,IF(C29="<200",9)))))))),FALSE) -> 0.94 | P29: =SUMIFS(J:J,B:B,B29,C:C,C29)/COUNTIFS(B:B,B29,C:C,C29) -> 0.135 | Q29: =SUMIFS(E:E,B:B,B29,C:C,C29)/COUNTIFS(B:B,B29,C:C,C29) -> 0.2125 | R29: =VLOOKUP(B29,'Dry Sieve'!$B$2:$K$992,IF(C29="#5",2,IF(C29="#10",3,IF(C29="#18",4,IF(C29="#35",5,IF(C29="#60",6,IF(C29="#120",7,IF(C29="#200",8,IF(C29="<200",9)))))))),FALSE) -> 0.94 | S29: =VLOOKUP(B29,'Dry Sieve'!$B$2:$K$992,10,FALSE) -> 123.48 | T29: 0.0027763486 | U29: 0.00015362634 | V29: =V27 -> 0.2688883
A30: =VLOOKUP(B29,'Sample ID by Horizon'!A:B,2,FALSE) -> 42499 | B30: X11.208.C1 | C30: #200 | D30: B1 | E30: 0.2 | F30: 1.74 | G30: 1.95 | H30: 0.21 | I30: 1.87 | J30: 0.13 | K30: 40 | L30: =L27 -> 0.2125 | M30: =M27 -> 0.135 | N30: =N27 -> 38.733766 | O30: =VLOOKUP(B30,'Dry Sieve'!$B$2:$K$992,IF(C30="#5",2,IF(C30="#10",3,IF(C30="#18",4,IF(C30="#35",5,IF(C30="#60",6,IF(C30="#120",7,IF(C30="#200",8,IF(C30="<200",9)))))))),FALSE) -> 0.94 | P30: =SUMIFS(J:J,B:B,B30,C:C,C30)/COUNTIFS(B:B,B30,C:C,C30) -> 0.135 | Q30: =SUMIFS(E:E,B:B,B30,C:C,C30)/COUNTIFS(B:B,B30,C:C,C30) -> 0.2125 | R30: =VLOOKUP(B30,'Dry Sieve'!$B$2:$K$992,IF(C30="#5",2,IF(C30="#10",3,IF(C30="#18",4,IF(C30="#35",5,IF(C30="#60",6,IF(C30="#120",7,IF(C30="#200",8,IF(C30="<200",9)))))))),FALSE) -> 0.94 | S30: =VLOOKUP(B30,'Dry Sieve'!$B$2:$K$992,10,FALSE) -> 123.48 | T30: 0.0027763486 | U30: 0.00015362634 | V30: =V29 -> 0.2688883
A31: =VLOOKUP(B30,'Sample ID by Horizon'!A:B,2,FALSE) -> 42499 | B31: X11.208.C2 | C31: #5 | D31: A | E31: 4.1 | F31: 1.74 | G31: 3.27 | H31: 1.53 | I31: 2.27 | J31: 0.53 | K31: 24.390244 | L31: 4.0925 | M31: =AVERAGE(J31:J34) -> 0.5375 | N31: 22.41749 | O31: =VLOOKUP(B31,'Dry Sieve'!$B$2:$K$992,IF(C31="#5",2,IF(C31="#10",3,IF(C31="#18",4,IF(C31="#35",5,IF(C31="#60",6,IF(C31="#120",7,IF(C31="#200",8,IF(C31="<200",9)))))))),FALSE) -> 74.12 | P31: =SUMIFS(J:J,B:B,B31,C:C,C31)/COUNTIFS(B:B,B31,C:C,C31) -> 0.5375 | Q31: =SUMIFS(E:E,B:B,B31,C:C,C31)/COUNTIFS(B:B,B31,C:C,C31) -> 4.0925 | R31: =VLOOKUP(B31,'Dry Sieve'!$B$2:$K$992,IF(C31="#5",2,IF(C31="#10",3,IF(C31="#18",4,IF(C31="#35",5,IF(C31="#60",6,IF(C31="#120",7,IF(C31="#200",8,IF(C31="<200",9)))))))),FALSE) -> 74.12 | S31: =VLOOKUP(B31,'Dry Sieve'!$B$2:$K$992,10,FALSE) -> 119.67 | T31: 0.53802324 | U31: 0.12061131 | V31: =SUM(U31,U35,U39,U43,U47,U51,U55) -> 0.22781824
A32: =VLOOKUP(B31,'Sample ID by Horizon'!A:B,2,FALSE) -> 42499 | B32: X11.208.C2 | C32: #5 | D32: B | E32: 4.09 | F32: 1.73 | G32: 3.08 | H32: 1.35 | I32: 2.01 | J32: 0.28 | K32: 26.161369 | L32: =L31 -> 4.0925 | M32: =M31 -> 0.5375 | N32: =N31 -> 22.41749 | O32: =VLOOKUP(B32,'Dry Sieve'!$B$2:$K$992,IF(C32="#5",2,IF(C32="#10",3,IF(C32="#18",4,IF(C32="#35",5,IF(C32="#60",6,IF(C32="#120",7,IF(C32="#200",8,IF(C32="<200",9)))))))),FALSE) -> 74.12 | P32: =SUMIFS(J:J,B:B,B32,C:C,C32)/COUNTIFS(B:B,B32,C:C,C32) -> 0.5375 | Q32: =SUMIFS(E:E,B:B,B32,C:C,C32)/COUNTIFS(B:B,B32,C:C,C32) -> 4.0925 | R32: =VLOOKUP(B32,'Dry Sieve'!$B$2:$K$992,IF(C32="#5",2,IF(C32="#10",3,IF(C32="#18",4,IF(C32="#35",5,IF(C32="#60",6,IF(C32="#120",7,IF(C32="#200",8,IF(C32="<200",9)))))))),FALSE) -> 74.12 | S32: =VLOOKUP(B32,'Dry Sieve'!$B$2:$K$992,10,FALSE) -> 119.67 | T32: 0.53802324 | U32: 0.12061131 | V32: =V31 -> 0.22781824
A33: =VLOOKUP(B32,'Sample ID by Horizon'!A:B,2,FALSE) -> 42499 | B33: X11.208.C2 | C33: #5 | D33: A1 | E33: 4.11 | F33: 1.73 | G33: 3.42 | H33: 1.69 | I33: 2.61 | J33: 0.88 | K33: 19.708029 | L33: =L31 -> 4.0925 | M33: =M31 -> 0.5375 | N33: =N31 -> 22.41749 | O33: =VLOOKUP(B33,'Dry Sieve'!$B$2:$K$992,IF(C33="#5",2,IF(C33="#10",3,IF(C33="#18",4,IF(C33="#35",5,IF(C33="#60",6,IF(C33="#120",7,IF(C33="#200",8,IF(C33="<200",9)))))))),FALSE) -> 74.12 | P33: =SUMIFS(J:J,B:B,B33,C:C,C33)/COUNTIFS(B:B,B33,C:C,C33) -> 0.5375 | Q33: =SUMIFS(E:E,B:B,B33,C:C,C33)/COUNTIFS(B:B,B33,C:C,C33) -> 4.0925 | R33: =VLOOKUP(B33,'Dry Sieve'!$B$2:$K$992,IF(C33="#5",2,IF(C33="#10",3,IF(C33="#18",4,IF(C33="#35",5,IF(C33="#60",6,IF(C33="#120",7,IF(C33="#200",8,IF(C33="<200",9)))))))),FALSE) -> 74.12 | S33: =VLOOKUP(B33,'Dry Sieve'!$B$2:$K$992,10,FALSE) -> 119.67 | T33: 0.53802324 | U33: 0.12061131 | V33: =V31 -> 0.22781824
A34: =VLOOKUP(B33,'Sample ID by Horizon'!A:B,2,FALSE) -> 42499 | B34: X11.208.C2 | C34: #5 | D34: B1 | E34: 4.07 | F34: 1.73 | G34: 2.98 | H34: 1.25 | I34: 2.19 | J34: 0.46 | K34: 19.410319 | L34: =L31 -> 4.0925 | M34: =M31 -> 0.5375 | N34: =N31 -> 22.41749 | O34: =VLOOKUP(B34,'Dry Sieve'!$B$2:$K$992,IF(C34="#5",2,IF(C34="#10",3,IF(C34="#18",4,IF(C34="#35",5,IF(C34="#60",6,IF(C34="#120",7,IF(C34="#200",8,IF(C34="<200",9)))))))),FALSE) -> 74.12 | P34: =SUMIFS(J:J,B:B,B34,C:C,C34)/COUNTIFS(B:B,B34,C:C,C34) -> 0.5375 | Q34: =SUMIFS(E:E,B:B,B34,C:C,C34)/COUNTIFS(B:B,B34,C:C,C34) -> 4.0925 | R34: =VLOOKUP(B34,'Dry Sieve'!$B$2:$K$992,IF(C34="#5",2,IF(C34="#10",3,IF(C34="#18",4,IF(C34="#35",5,IF(C34="#60",6,IF(C34="#120",7,IF(C34="#200",8,IF(C34="<200",9)))))))),FALSE) -> 74.12 | S34: =VLOOKUP(B34,'Dry Sieve'!$B$2:$K$992,10,FALSE) -> 119.67 | T34: 0.53802324 | U34: 0.12061131 | V34: =V31 -> 0.22781824
A35: =VLOOKUP(B34,'Sample ID by Horizon'!A:B,2,FALSE) -> 42499 | B35: X11.208.C2 | C35: #10 | D35: A | E35: 3.99 | F35: 1.73 | G35: 4.06 | H35: 2.33 | I35: 2.32 | J35: 0.59 | K35: 43.609023 | L35: 4.0925 | M35: =AVERAGE(J35:J38) -> 0.535 | N35: 42.590745 | O35: =VLOOKUP(B35,'Dry Sieve'!$B$2:$K$992,IF(C35="#5",2,IF(C35="#10",3,IF(C35="#18",4,IF(C35="#35",5,IF(C35="#60",6,IF(C35="#120",7,IF(C35="#200",8,IF(C35="<200",9)))))))),FALSE) -> 25.14 | P35: =SUMIFS(J:J,B:B,B35,C:C,C35)/COUNTIFS(B:B,B35,C:C,C35) -> 0.535 | Q35: =SUMIFS(E:E,B:B,B35,C:C,C35)/COUNTIFS(B:B,B35,C:C,C35) -> 4.0925 | R35: =VLOOKUP(B35,'Dry Sieve'!$B$2:$K$992,IF(C35="#5",2,IF(C35="#10",3,IF(C35="#18",4,IF(C35="#35",5,IF(C35="#60",6,IF(C35="#120",7,IF(C35="#200",8,IF(C35="<200",9)))))))),FALSE) -> 25.14 | S35: =VLOOKUP(B35,'Dry Sieve'!$B$2:$K$992,10,FALSE) -> 119.67 | T35: 0.1826149 | U35: 0.066666038 | V35: =V34 -> 0.22781824
A36: =VLOOKUP(B35,'Sample ID by Horizon'!A:B,2,FALSE) -> 42499 | B36: X11.208.C2 | C36: #10 | D36: B | E36: 4.19 | F36: 1.73 | G36: 4.12 | H36: 2.39 | I36: 2.35 | J36: 0.62 | K36: 42.243437 | L36: =L35 -> 4.0925 | M36: =M35 -> 0.535 | N36: =N35 -> 42.590745 | O36: =VLOOKUP(B36,'Dry Sieve'!$B$2:$K$992,IF(C36="#5",2,IF(C36="#10",3,IF(C36="#18",4,IF(C36="#35",5,IF(C36="#60",6,IF(C36="#120",7,IF(C36="#200",8,IF(C36="<200",9)))))))),FALSE) -> 25.14 | P36: =SUMIFS(J:J,B:B,B36,C:C,C36)/COUNTIFS(B:B,B36,C:C,C36) -> 0.535 | Q36: =SUMIFS(E:E,B:B,B36,C:C,C36)/COUNTIFS(B:B,B36,C:C,C36) -> 4.0925 | R36: =VLOOKUP(B36,'Dry Sieve'!$B$2:$K$992,IF(C36="#5",2,IF(C36="#10",3,IF(C36="#18",4,IF(C36="#35",5,IF(C36="#60",6,IF(C36="#120",7,IF(C36="#200",8,IF(C36="<200",9)))))))),FALSE) -> 25.14 | S36: =VLOOKUP(B36,'Dry Sieve'!$B$2:$K$992,10,FALSE) -> 119.67 | T36: 0.1826149 | U36: 0.066666038 | V36: =V34 -> 0.22781824
A37: =VLOOKUP(B36,'Sample ID by Horizon'!A:B,2,FALSE) -> 42499 | B37: X11.208.C2 | C37: #10 | D37: A1 | E37: 4.11 | F37: 1.73 | G37: 3.84 | H37: 2.11 | I37: 2.2 | J37: 0.47 | K37: 39.902676 | L37: =L35 -> 4.0925 | M37: =M35 -> 0.535 | N37: =N35 -> 42.590745 | O37: =VLOOKUP(B37,'Dry Sieve'!$B$2:$K$992,IF(C37="#5",2,IF(C37="#10",3,IF(C37="#18",4,IF(C37="#35",5,IF(C37="#60",6,IF(C37="#120",7,IF(C37="#200",8,IF(C37="<200",9)))))))),FALSE) -> 25.14 | P37: =SUMIFS(J:J,B:B,B37,C:C,C37)/COUNTIFS(B:B,B37,C:C,C37) -> 0.535 | Q37: =SUMIFS(E:E,B:B,B37,C:C,C37)/COUNTIFS(B:B,B37,C:C,C37) -> 4.0925 | R37: =VLOOKUP(B37,'Dry Sieve'!$B$2:$K$992,IF(C37="#5",2,IF(C37="#10",3,IF(C37="#18",4,IF(C37="#35",5,IF(C37="#60",6,IF(C37="#120",7,IF(C37="#200",8,IF(C37="<200",9)))))))),FALSE) -> 25.14 | S37: =VLOOKUP(B37,'Dry Sieve'!$B$2:$K$992,10,FALSE) -> 119.67 | T37: 0.1826149 | U37: 0.066666038 | V37: =V34 -> 0.22781824
A38: =VLOOKUP(B37,'Sample ID by Horizon'!A:B,2,FALSE) -> 42499 | B38: X11.208.C2 | C38: #10 | D38: B1 | E38: 4.08 | F38: 1.74 | G38: 4.02 | H38: 2.28 | I38: 2.2 | J38: 0.46 | K38: 44.607843 | L38: =L35 -> 4.0925 | M38: =M35 -> 0.535 | N38: =N35 -> 42.590745 | O38: =VLOOKUP(B38,'Dry Sieve'!$B$2:$K$992,IF(C38="#5",2,IF(C38="#10",3,IF(C38="#18",4,IF(C38="#35",5,IF(C38="#60",6,IF(C38="#120",7,IF(C38="#200",8,IF(C38="<200",9)))))))),FALSE) -> 25.14 | P38: =SUMIFS(J:J,B:B,B38,C:C,C38)/COUNTIFS(B:B,B38,C:C,C38) -> 0.535 | Q38: =SUMIFS(E:E,B:B,B38,C:C,C38)/COUNTIFS(B:B,B38,C:C,C38) -> 4.0925 | R38: =VLOOKUP(B38,'Dry Sieve'!$B$2:$K$992,IF(C38="#5",2,IF(C38="#10",3,IF(C38="#18",4,IF(C38="#35",5,IF(C38="#60",6,IF(C38="#120",7,IF(C38="#200",8,IF(C38="<200",9)))))))),FALSE) -> 25.14 | S38: =VLOOKUP(B38,'Dry Sieve'!$B$2:$K$992,10,FALSE) -> 119.67 | T38: 0.1826149 | U38: 0.066666038 | V38: =V37 -> 0.22781824
A39: =VLOOKUP(B38,'Sample ID by Horizon'!A:B,2,FALSE) -> 42499 | B39: X11.208.C2 | C39: #18 | D39: A | E39: 2.92 | F39: 1.73 | G39: 3.28 | H39: 1.55 | I39: 2.13 | J39: 0.4 | K39: 39.383562 | L39: 2.995 | M39: =AVERAGE(J39:J42) -> 0.405 | N39: 41.132194 | O39: =VLOOKUP(B39,'Dry Sieve'!$B$2:$K$992,IF(C39="#5",2,IF(C39="#10",3,IF(C39="#18",4,IF(C39="#35",5,IF(C39="#60",6,IF(C39="#120",7,IF(C39="#200",8,IF(C39="<200",9)))))))),FALSE) -> 13.5 | P39: =SUMIFS(J:J,B:B,B39,C:C,C39)/COUNTIFS(B:B,B39,C:C,C39) -> 0.405 | Q39: =SUMIFS(E:E,B:B,B39,C:C,C39)/COUNTIFS(B:B,B39,C:C,C39) -> 2.995 | R39: =VLOOKUP(B39,'Dry Sieve'!$B$2:$K$992,IF(C39="#5",2,IF(C39="#10",3,IF(C39="#18",4,IF(C39="#35",5,IF(C39="#60",6,IF(C39="#120",7,IF(C39="#200",8,IF(C39="<200",9)))))))),FALSE) -> 13.5 | S39: =VLOOKUP(B39,'Dry Sieve'!$B$2:$K$992,10,FALSE) -> 119.67 | T39: 0.097555423 | U39: 0.028661918 | V39: =V37 -> 0.22781824
A40: =VLOOKUP(B39,'Sample ID by Horizon'!A:B,2,FALSE) -> 42499 | B40: X11.208.C2 | C40: #18 | D40: B | E40: 3 | F40: 1.73 | G40: 3.34 | H40: 1.61 | I40: 2.15 | J40: 0.42 | K40: 39.666667 | L40: =L39 -> 2.995 | M40: =M39 -> 0.405 | N40: =N39 -> 41.132194 | O40: =VLOOKUP(B40,'Dry Sieve'!$B$2:$K$992,IF(C40="#5",2,IF(C40="#10",3,IF(C40="#18",4,IF(C40="#35",5,IF(C40="#60",6,IF(C40="#120",7,IF(C40="#200",8,IF(C40="<200",9)))))))),FALSE) -> 13.5 | P40: =SUMIFS(J:J,B:B,B40,C:C,C40)/COUNTIFS(B:B,B40,C:C,C40) -> 0.405 | Q40: =SUMIFS(E:E,B:B,B40,C:C,C40)/COUNTIFS(B:B,B40,C:C,C40) -> 2.995 | R40: =VLOOKUP(B40,'Dry Sieve'!$B$2:$K$992,IF(C40="#5",2,IF(C40="#10",3,IF(C40="#18",4,IF(C40="#35",5,IF(C40="#60",6,IF(C40="#120",7,IF(C40="#200",8,IF(C40="<200",9)))))))),FALSE) -> 13.5 | S40: =VLOOKUP(B40,'Dry Sieve'!$B$2:$K$992,10,FALSE) -> 119.67 | T40: 0.097555423 | U40: 0.028661918 | V40: =V37 -> 0.22781824
A41: =VLOOKUP(B40,'Sample ID by Horizon'!A:B,2,FALSE) -> 42499 | B41: X11.208.C2 | C41: #18 | D41: A1 | E41: 3.03 | F41: 1.73 | G41: 3.62 | H41: 1.89 | I41: 2.14 | J41: 0.41 | K41: 48.844884 | L41: =L39 -> 2.995 | M41: =M39 -> 0.405 | N41: =N39 -> 41.132194 | O41: =VLOOKUP(B41,'Dry Sieve'!$B$2:$K$992,IF(C41="#5",2,IF(C41="#10",3,IF(C41="#18",4,IF(C41="#35",5,IF(C41="#60",6,IF(C41="#120",7,IF(C41="#200",8,IF(C41="<200",9)))))))),FALSE) -> 13.5 | P41: =SUMIFS(J:J,B:B,B41,C:C,C41)/COUNTIFS(B:B,B41,C:C,C41) -> 0.405 | Q41: =SUMIFS(E:E,B:B,B41,C:C,C41)/COUNTIFS(B:B,B41,C:C,C41) -> 2.995 | R41: =VLOOKUP(B41,'Dry Sieve'!$B$2:$K$992,IF(C41="#5",2,IF(C41="#10",3,IF(C41="#18",4,IF(C41="#35",5,IF(C41="#60",6,IF(C41="#120",7,IF(C41="#200",8,IF(C41="<200",9)))))))),FALSE) -> 13.5 | S41: =VLOOKUP(B41,'Dry Sieve'!$B$2:$K$992,10,FALSE) -> 119.67 | T41: 0.097555423 | U41: 0.028661918 | V41: =V40 -> 0.22781824
A42: =VLOOKUP(B41,'Sample ID by Horizon'!A:B,2,FALSE) -> 42499 | B42: X11.208.C2 | C42: #18 | D42: B1 | E42: 3.03 | F42: 1.74 | G42: 3.24 | H42: 1.5 | I42: 2.13 | J42: 0.39 | K42: 36.633663 | L42: =L39 -> 2.995 | M42: =M39 -> 0.405 | N42: =N39 -> 41.132194 | O42: =VLOOKUP(B42,'Dry Sieve'!$B$2:$K$992,IF(C42="#5",2,IF(C42="#10",3,IF(C42="#18",4,IF(C42="#35",5,IF(C42="#60",6,IF(C42="#120",7,IF(C42="#200",8,IF(C42="<200",9)))))))),FALSE) -> 13.5 | P42: =SUMIFS(J:J,B:B,B42,C:C,C42)/COUNTIFS(B:B,B42,C:C,C42) -> 0.405 | Q42: =SUMIFS(E:E,B:B,B42,C:C,C42)/COUNTIFS(B:B,B42,C:C,C42) -> 2.995 | R42: =VLOOKUP(B42,'Dry Sieve'!$B$2:$K$992,IF(C42="#5",2,IF(C42="#10",3,IF(C42="#18",4,IF(C42="#35",5,IF(C42="#60",6,IF(C42="#120",7,IF(C42="#200",8,IF(C42="<200",9)))))))),FALSE) -> 13.5 | S42: =VLOOKUP(B42,'Dry Sieve'!$B$2:$K$992,10,FALSE) -> 119.67 | T42: 0.097555423 | U42: 0.028661918 | V42: =V40 -> 0.22781824
A43: =VLOOKUP(B42,'Sample ID by Horizon'!A:B,2,FALSE) -> 42499 | B43: X11.208.C2 | C43: #35 | D43: A | E43: 1.06 | F43: 1.73 | G43: 2.64 | H43: 0.91 | I43: 2.01 | J43: 0.28 | K43: 59.433962 | L43: 1.0575 | M43: =AVERAGE(J43:J46) -> 0.3175 | N43: 57.143736 | O43: =VLOOKUP(B43,'Dry Sieve'!$B$2:$K$992,IF(C43="#5",2,IF(C43="#10",3,IF(C43="#18",4,IF(C43="#35",5,IF(C43="#60",6,IF(C43="#120",7,IF(C43="#200",8,IF(C43="<200",9)))))))),FALSE) -> 5.23 | P43: =SUMIFS(J:J,B:B,B43,C:C,C43)/COUNTIFS(B:B,B43,C:C,C43) -> 0.3175 | Q43: =SUMIFS(E:E,B:B,B43,C:C,C43)/COUNTIFS(B:B,B43,C:C,C43) -> 1.0575 | R43: =VLOOKUP(B43,'Dry Sieve'!$B$2:$K$992,IF(C43="#5",2,IF(C43="#10",3,IF(C43="#18",4,IF(C43="#35",5,IF(C43="#60",6,IF(C43="#120",7,IF(C43="#200",8,IF(C43="<200",9)))))))),FALSE) -> 5.23 | S43: =VLOOKUP(B43,'Dry Sieve'!$B$2:$K$992,10,FALSE) -> 119.67 | T43: 0.030582131 | U43: 0.0099861555 | V43: =V40 -> 0.22781824
A44: =VLOOKUP(B43,'Sample ID by Horizon'!A:B,2,FALSE) -> 42499 | B44: X11.208.C2 | C44: #35 | D44: B | E44: 1.02 | F44: 1.73 | G44: 2.58 | H44: 0.85 | I44: 2.05 | J44: 0.32 | K44: 51.960784 | L44: =L43 -> 1.0575 | M44: =M43 -> 0.3175 | N44: =N43 -> 57.143736 | O44: =VLOOKUP(B44,'Dry Sieve'!$B$2:$K$992,IF(C44="#5",2,IF(C44="#10",3,IF(C44="#18",4,IF(C44="#35",5,IF(C44="#60",6,IF(C44="#120",7,IF(C44="#200",8,IF(C44="<200",9)))))))),FALSE) -> 5.23 | P44: =SUMIFS(J:J,B:B,B44,C:C,C44)/COUNTIFS(B:B,B44,C:C,C44) -> 0.3175 | Q44: =SUMIFS(E:E,B:B,B44,C:C,C44)/COUNTIFS(B:B,B44,C:C,C44) -> 1.0575 | R44: =VLOOKUP(B44,'Dry Sieve'!$B$2:$K$992,IF(C44="#5",2,IF(C44="#10",3,IF(C44="#18",4,IF(C44="#35",5,IF(C44="#60",6,IF(C44="#120",7,IF(C44="#200",8,IF(C44="<200",9)))))))),FALSE) -> 5.23 | S44: =VLOOKUP(B44,'Dry Sieve'!$B$2:$K$992,10,FALSE) -> 119.67 | T44: 0.030582131 | U44: 0.0099861555 | V44: =V43 -> 0.22781824
A45: =VLOOKUP(B44,'Sample ID by Horizon'!A:B,2,FALSE) -> 42499 | B45: X11.208.C2 | C45: #35 | D45: A1 | E45: 1.09 | F45: 1.73 | G45: 2.72 | H45: 0.99 | I45: 2.07 | J45: 0.34 | K45: 59.633028 | L45: =L43 -> 1.0575 | M45: =M43 -> 0.3175 | N45: =N43 -> 57.143736 | O45: =VLOOKUP(B45,'Dry Sieve'!$B$2:$K$992,IF(C45="#5",2,IF(C45="#10",3,IF(C45="#18",4,IF(C45="#35",5,IF(C45="#60",6,IF(C45="#120",7,IF(C45="#200",8,IF(C45="<200",9)))))))),FALSE) -> 5.23 | P45: =SUMIFS(J:J,B:B,B45,C:C,C45)/COUNTIFS(B:B,B45,C:C,C45) -> 0.3175 | Q45: =SUMIFS(E:E,B:B,B45,C:C,C45)/COUNTIFS(B:B,B45,C:C,C45) -> 1.0575 | R45: =VLOOKUP(B45,'Dry Sieve'!$B$2:$K$992,IF(C45="#5",2,IF(C45="#10",3,IF(C45="#18",4,IF(C45="#35",5,IF(C45="#60",6,IF(C45="#120",7,IF(C45="#200",8,IF(C45="<200",9)))))))),FALSE) -> 5.23 | S45: =VLOOKUP(B45,'Dry Sieve'!$B$2:$K$992,10,FALSE) -> 119.67 | T45: 0.030582131 | U45: 0.0099861555 | V45: =V43 -> 0.22781824
A46: =VLOOKUP(B45,'Sample ID by Horizon'!A:B,2,FALSE) -> 42499 | B46: X11.208.C2 | C46: #35 | D46: B1 | E46: 1.06 | F46: 1.73 | G46: 2.67 | H46: 0.94 | I46: 2.06 | J46: 0.33 | K46: 57.54717 | L46: =L43 -> 1.0575 | M46: =M43 -> 0.3175 | N46: =N43 -> 57.143736 | O46: =VLOOKUP(B46,'Dry Sieve'!$B$2:$K$992,IF(C46="#5",2,IF(C46="#10",3,IF(C46="#18",4,IF(C46="#35",5,IF(C46="#60",6,IF(C46="#120",7,IF(C46="#200",8,IF(C46="<200",9)))))))),FALSE) -> 5.23 | P46: =SUMIFS(J:J,B:B,B46,C:C,C46)/COUNTIFS(B:B,B46,C:C,C46) -> 0.3175 | Q46: =SUMIFS(E:E,B:B,B46,C:C,C46)/COUNTIFS(B:B,B46,C:C,C46) -> 1.0575 | R46: =VLOOKUP(B46,'Dry Sieve'!$B$2:$K$992,IF(C46="#5",2,IF(C46="#10",3,IF(C46="#18",4,IF(C46="#35",5,IF(C46="#60",6,IF(C46="#120",7,IF(C46="#200",8,IF(C46="<200",9)))))))),FALSE) -> 5.23 | S46: =VLOOKUP(B46,'Dry Sieve'!$B$2:$K$992,10,FALSE) -> 119.67 | T46: 0.030582131 | U46: 0.0099861555 | V46: =V43 -> 0.22781824
A47: =VLOOKUP(B46,'Sample ID by Horizon'!A:B,2,FALSE) -> 42499 | B47: X11.208.C2 | C47: #60 | D47: A | E47: 0.26 | F47: 1.73 | G47: 1.98 | H47: 0.25 | I47: 1.8 | J47: 0.07 | K47: 69.230769 | L47: 0.2575 | M47: =AVERAGE(J47:J50) -> 0.0675 | N47: 65.715488 | O47: =VLOOKUP(B47,'Dry Sieve'!$B$2:$K$992,IF(C47="#5",2,IF(C47="#10",3,IF(C47="#18",4,IF(C47="#35",5,IF(C47="#60",6,IF(C47="#120",7,IF(C47="#200",8,IF(C47="<200",9)))))))),FALSE) -> 1.09 | P47: =SUMIFS(J:J,B:B,B47,C:C,C47)/COUNTIFS(B:B,B47,C:C,C47) -> 0.0675 | Q47: =SUMIFS(E:E,B:B,B47,C:C,C47)/COUNTIFS(B:B,B47,C:C,C47) -> 0.2575 | R47: =VLOOKUP(B47,'Dry Sieve'!$B$2:$K$992,IF(C47="#5",2,IF(C47="#10",3,IF(C47="#18",4,IF(C47="#35",5,IF(C47="#60",6,IF(C47="#120",7,IF(C47="#200",8,IF(C47="<200",9)))))))),FALSE) -> 1.09 | S47: =VLOOKUP(B47,'Dry Sieve'!$B$2:$K$992,10,FALSE) -> 119.67 | T47: 0.0067207474 | U47: 0.0018928166 | V47: =V46 -> 0.22781824
A48: =VLOOKUP(B47,'Sample ID by Horizon'!A:B,2,FALSE) -> 42499 | B48: X11.208.C2 | C48: #60 | D48: B | E48: 0.29 | F48: 1.74 | G48: 2 | H48: 0.26 | I48: 1.79 | J48: 0.05 | K48: 72.413793 | L48: =L47 -> 0.2575 | M48: =M47 -> 0.0675 | N48: =N47 -> 65.715488 | O48: =VLOOKUP(B48,'Dry Sieve'!$B$2:$K$992,IF(C48="#5",2,IF(C48="#10",3,IF(C48="#18",4,IF(C48="#35",5,IF(C48="#60",6,IF(C48="#120",7,IF(C48="#200",8,IF(C48="<200",9)))))))),FALSE) -> 1.09 | P48: =SUMIFS(J:J,B:B,B48,C:C,C48)/COUNTIFS(B:B,B48,C:C,C48) -> 0.0675 | Q48: =SUMIFS(E:E,B:B,B48,C:C,C48)/COUNTIFS(B:B,B48,C:C,C48) -> 0.2575 | R48: =VLOOKUP(B48,'Dry Sieve'!$B$2:$K$992,IF(C48="#5",2,IF(C48="#10",3,IF(C48="#18",4,IF(C48="#35",5,IF(C48="#60",6,IF(C48="#120",7,IF(C48="#200",8,IF(C48="<200",9)))))))),FALSE) -> 1.09 | S48: =VLOOKUP(B48,'Dry Sieve'!$B$2:$K$992,10,FALSE) -> 119.67 | T48: 0.0067207474 | U48: 0.0018928166 | V48: =V46 -> 0.22781824
A49: =VLOOKUP(B48,'Sample ID by Horizon'!A:B,2,FALSE) -> 42499 | B49: X11.208.C2 | C49: #60 | D49: A1 | E49: 0.25 | F49: 1.72 | G49: 1.96 | H49: 0.24 | I49: 1.82 | J49: 0.1 | K49: 56 | L49: =L47 -> 0.2575 | M49: =M47 -> 0.0675 | N49: =N47 -> 65.715488 | O49: =VLOOKUP(B49,'Dry Sieve'!$B$2:$K$992,IF(C49="#5",2,IF(C49="#10",3,IF(C49="#18",4,IF(C49="#35",5,IF(C49="#60",6,IF(C49="#120",7,IF(C49="#200",8,IF(C49="<200",9)))))))),FALSE) -> 1.09 | P49: =SUMIFS(J:J,B:B,B49,C:C,C49)/COUNTIFS(B:B,B49,C:C,C49) -> 0.0675 | Q49: =SUMIFS(E:E,B:B,B49,C:C,C49)/COUNTIFS(B:B,B49,C:C,C49) -> 0.2575 | R49: =VLOOKUP(B49,'Dry Sieve'!$B$2:$K$992,IF(C49="#5",2,IF(C49="#10",3,IF(C49="#18",4,IF(C49="#35",5,IF(C49="#60",6,IF(C49="#120",7,IF(C49="#200",8,IF(C49="<200",9)))))))),FALSE) -> 1.09 | S49: =VLOOKUP(B49,'Dry Sieve'!$B$2:$K$992,10,FALSE) -> 119.67 | T49: 0.0067207474 | U49: 0.0018928166 | V49: =V46 -> 0.22781824
A50: =VLOOKUP(B49,'Sample ID by Horizon'!A:B,2,FALSE) -> 42499 | B50: X11.208.C2 | C50: #60 | D50: B1 | E50: 0.23 | F50: 1.73 | G50: 1.93 | H50: 0.2 | I50: 1.78 | J50: 0.05 | K50: 65.217391 | L50: =L47 -> 0.2575 | M50: =M47 -> 0.0675 | N50: =N47 -> 65.715488 | O50: =VLOOKUP(B50,'Dry Sieve'!$B$2:$K$992,IF(C50="#5",2,IF(C50="#10",3,IF(C50="#18",4,IF(C50="#35",5,IF(C50="#60",6,IF(C50="#120",7,IF(C50="#200",8,IF(C50="<200",9)))))))),FALSE) -> 1.09 | P50: =SUMIFS(J:J,B:B,B50,C:C,C50)/COUNTIFS(B:B,B50,C:C,C50) -> 0.0675 | Q50: =SUMIFS(E:E,B:B,B50,C:C,C50)/COUNTIFS(B:B,B50,C:C,C50) -> 0.2575 | R50: =VLOOKUP(B50,'Dry Sieve'!$B$2:$K$992,IF(C50="#5",2,IF(C50="#10",3,IF(C50="#18",4,IF(C50="#35",5,IF(C50="#60",6,IF(C50="#120",7,IF(C50="#200",8,IF(C50="<200",9)))))))),FALSE) -> 1.09 | S50: =VLOOKUP(B50,'Dry Sieve'!$B$2:$K$992,10,FALSE) -> 119.67 | T50: 0.0067207474 | U50: 0.0018928166 | V50: =V49 -> 0.22781824
A51: =VLOOKUP(B50,'Sample ID by Horizon'!A:B,2,FALSE) -> 42499 | B51: X11.208.C2 | C51: #120 | D51: A | J51: 0 | M51: =AVERAGE(J51:J54) -> 0 | O51: =VLOOKUP(B51,'Dry Sieve'!$B$2:$K$992,IF(C51="#5",2,IF(C51="#10",3,IF(C51="#18",4,IF(C51="#35",5,IF(C51="#60",6,IF(C51="#120",7,IF(C51="#200",8,IF(C51="<200",9)))))))),FALSE) -> 0.3 | P51: =SUMIFS(J:J,B:B,B51,C:C,C51)/COUNTIFS(B:B,B51,C:C,C51) -> 0 | Q51: =SUMIFS(E:E,B:B,B51,C:C,C51)/COUNTIFS(B:B,B51,C:C,C51) -> 0 | R51: =VLOOKUP(B51,'Dry Sieve'!$B$2:$K$992,IF(C51="#5",2,IF(C51="#10",3,IF(C51="#18",4,IF(C51="#35",5,IF(C51="#60",6,IF(C51="#120",7,IF(C51="#200",8,IF(C51="<200",9)))))))),FALSE) -> 0.3 | S51: =VLOOKUP(B51,'Dry Sieve'!$B$2:$K$992,10,FALSE) -> 119.67 | U51: 0 | V51: =V49 -> 0.22781824
A52: =VLOOKUP(B51,'Sample ID by Horizon'!A:B,2,FALSE) -> 42499 | B52: X11.208.C2 | C52: #120 | D52: B | J52: 0 | L52: =L51 | M52: =M51 -> 0 | N52: =N51 | O52: =VLOOKUP(B52,'Dry Sieve'!$B$2:$K$992,IF(C52="#5",2,IF(C52="#10",3,IF(C52="#18",4,IF(C52="#35",5,IF(C52="#60",6,IF(C52="#120",7,IF(C52="#200",8,IF(C52="<200",9)))))))),FALSE) -> 0.3 | P52: =SUMIFS(J:J,B:B,B52,C:C,C52)/COUNTIFS(B:B,B52,C:C,C52) -> 0 | Q52: =SUMIFS(E:E,B:B,B52,C:C,C52)/COUNTIFS(B:B,B52,C:C,C52) -> 0 | R52: =VLOOKUP(B52,'Dry Sieve'!$B$2:$K$992,IF(C52="#5",2,IF(C52="#10",3,IF(C52="#18",4,IF(C52="#35",5,IF(C52="#60",6,IF(C52="#120",7,IF(C52="#200",8,IF(C52="<200",9)))))))),FALSE) -> 0.3 | S52: =VLOOKUP(B52,'Dry Sieve'!$B$2:$K$992,10,FALSE) -> 119.67 | U52: 0 | V52: =V49 -> 0.22781824
A53: =VLOOKUP(B52,'Sample ID by Horizon'!A:B,2,FALSE) -> 42499 | B53: X11.208.C2 | C53: #120 | D53: A1 | J53: 0 | L53: =L51 | M53: =M51 -> 0 | N53: =N51 | O53: =VLOOKUP(B53,'Dry Sieve'!$B$2:$K$992,IF(C53="#5",2,IF(C53="#10",3,IF(C53="#18",4,IF(C53="#35",5,IF(C53="#60",6,IF(C53="#120",7,IF(C53="#200",8,IF(C53="<200",9)))))))),FALSE) -> 0.3 | P53: =SUMIFS(J:J,B:B,B53,C:C,C53)/COUNTIFS(B:B,B53,C:C,C53) -> 0 | Q53: =SUMIFS(E:E,B:B,B53,C:C,C53)/COUNTIFS(B:B,B53,C:C,C53) -> 0 | R53: =VLOOKUP(B53,'Dry Sieve'!$B$2:$K$992,IF(C53="#5",2,IF(C53="#10",3,IF(C53="#18",4,IF(C53="#35",5,IF(C53="#60",6,IF(C53="#120",7,IF(C53="#200",8,IF(C53="<200",9)))))))),FALSE) -> 0.3 | S53: =VLOOKUP(B53,'Dry Sieve'!$B$2:$K$992,10,FALSE) -> 119.67 | U53: 0 | V53: =V52 -> 0.22781824
A54: =VLOOKUP(B53,'Sample ID by Horizon'!A:B,2,FALSE) -> 42499 | B54: X11.208.C2 | C54: #120 | D54: B1 | J54: 0 | L54: =L51 | M54: =M51 -> 0 | N54: =N51 | O54: =VLOOKUP(B54,'Dry Sieve'!$B$2:$K$992,IF(C54="#5",2,IF(C54="#10",3,IF(C54="#18",4,IF(C54="#35",5,IF(C54="#60",6,IF(C54="#120",7,IF(C54="#200",8,IF(C54="<200",9)))))))),FALSE) -> 0.3 | P54: =SUMIFS(J:J,B:B,B54,C:C,C54)/COUNTIFS(B:B,B54,C:C,C54) -> 0 | Q54: =SUMIFS(E:E,B:B,B54,C:C,C54)/COUNTIFS(B:B,B54,C:C,C54) -> 0 | R54: =VLOOKUP(B54,'Dry Sieve'!$B$2:$K$992,IF(C54="#5",2,IF(C54="#10",3,IF(C54="#18",4,IF(C54="#35",5,IF(C54="#60",6,IF(C54="#120",7,IF(C54="#200",8,IF(C54="<200",9)))))))),FALSE) -> 0.3 | S54: =VLOOKUP(B54,'Dry Sieve'!$B$2:$K$992,10,FALSE) -> 119.67 | U54: 0 | V54: =V52 -> 0.22781824
A55: =VLOOKUP(B54,'Sample ID by Horizon'!A:B,2,FALSE) -> 42499 | B55: X11.208.C2 | C55: #200 | D55: A | J55: 0 | M55: =AVERAGE(J55:J58) -> 0 | O55: =VLOOKUP(B55,'Dry Sieve'!$B$2:$K$992,IF(C55="#5",2,IF(C55="#10",3,IF(C55="#18",4,IF(C55="#35",5,IF(C55="#60",6,IF(C55="#120",7,IF(C55="#200",8,IF(C55="<200",9)))))))),FALSE) -> 0.15 | P55: =SUMIFS(J:J,B:B,B55,C:C,C55)/COUNTIFS(B:B,B55,C:C,C55) -> 0 | Q55: =SUMIFS(E:E,B:B,B55,C:C,C55)/COUNTIFS(B:B,B55,C:C,C55) -> 0 | R55: =VLOOKUP(B55,'Dry Sieve'!$B$2:$K$992,IF(C55="#5",2,IF(C55="#10",3,IF(C55="#18",4,IF(C55="#35",5,IF(C55="#60",6,IF(C55="#120",7,IF(C55="#200",8,IF(C55="<200",9)))))))),FALSE) -> 0.15 | S55: =VLOOKUP(B55,'Dry Sieve'!$B$2:$K$992,10,FALSE) -> 119.67 | U55: 0 | V55: =V52 -> 0.22781824
A56: =VLOOKUP(B55,'Sample ID by Horizon'!A:B,2,FALSE) -> 42499 | B56: X11.208.C2 | C56: #200 | D56: B | J56: 0 | L56: =L55 | M56: =M55 -> 0 | N56: =N55 | O56: =VLOOKUP(B56,'Dry Sieve'!$B$2:$K$992,IF(C56="#5",2,IF(C56="#10",3,IF(C56="#18",4,IF(C56="#35",5,IF(C56="#60",6,IF(C56="#120",7,IF(C56="#200",8,IF(C56="<200",9)))))))),FALSE) -> 0.15 | P56: =SUMIFS(J:J,B:B,B56,C:C,C56)/COUNTIFS(B:B,B56,C:C,C56) -> 0 | Q56: =SUMIFS(E:E,B:B,B56,C:C,C56)/COUNTIFS(B:B,B56,C:C,C56) -> 0 | R56: =VLOOKUP(B56,'Dry Sieve'!$B$2:$K$992,IF(C56="#5",2,IF(C56="#10",3,IF(C56="#18",4,IF(C56="#35",5,IF(C56="#60",6,IF(C56="#120",7,IF(C56="#200",8,IF(C56="<200",9)))))))),FALSE) -> 0.15 | S56: =VLOOKUP(B56,'Dry Sieve'!$B$2:$K$992,10,FALSE) -> 119.67 | U56: 0 | V56: =V55 -> 0.22781824
A57: =VLOOKUP(B56,'Sample ID by Horizon'!A:B,2,FALSE) -> 42499 | B57: X11.208.C2 | C57: #200 | D57: A1 | J57: 0 | L57: =L55 | M57: =M55 -> 0 | N57: =N55 | O57: =VLOOKUP(B57,'Dry Sieve'!$B$2:$K$992,IF(C57="#5",2,IF(C57="#10",3,IF(C57="#18",4,IF(C57="#35",5,IF(C57="#60",6,IF(C57="#120",7,IF(C57="#200",8,IF(C57="<200",9)))))))),FALSE) -> 0.15 | P57: =SUMIFS(J:J,B:B,B57,C:C,C57)/COUNTIFS(B:B,B57,C:C,C57) -> 0 | Q57: =SUMIFS(E:E,B:B,B57,C:C,C57)/COUNTIFS(B:B,B57,C:C,C57) -> 0 | R57: =VLOOKUP(B57,'Dry Sieve'!$B$2:$K$992,IF(C57="#5",2,IF(C57="#10",3,IF(C57="#18",4,IF(C57="#35",5,IF(C57="#60",6,IF(C57="#120",7,IF(C57="#200",8,IF(C57="<200",9)))))))),FALSE) -> 0.15 | S57: =VLOOKUP(B57,'Dry Sieve'!$B$2:$K$992,10,FALSE) -> 119.67 | U57: 0 | V57: =V55 -> 0.22781824
A58: =VLOOKUP(B57,'Sample ID by Horizon'!A:B,2,FALSE) -> 42499 | B58: X11.208.C2 | C58: #200 | D58: B1 | J58: 0 | L58: =L55 | M58: =M55 -> 0 | N58: =N55 | O58: =VLOOKUP(B58,'Dry Sieve'!$B$2:$K$992,IF(C58="#5",2,IF(C58="#10",3,IF(C58="#18",4,IF(C58="#35",5,IF(C58="#60",6,IF(C58="#120",7,IF(C58="#200",8,IF(C58="<200",9)))))))),FALSE) -> 0.15 | P58: =SUMIFS(J:J,B:B,B58,C:C,C58)/COUNTIFS(B:B,B58,C:C,C58) -> 0 | Q58: =SUMIFS(E:E,B:B,B58,C:C,C58)/COUNTIFS(B:B,B58,C:C,C58) -> 0 | R58: =VLOOKUP(B58,'Dry Sieve'!$B$2:$K$992,IF(C58="#5",2,IF(C58="#10",3,IF(C58="#18",4,IF(C58="#35",5,IF(C58="#60",6,IF(C58="#120",7,IF(C58="#200",8,IF(C58="<200",9)))))))),FALSE) -> 0.15 | S58: =VLOOKUP(B58,'Dry Sieve'!$B$2:$K$992,10,FALSE) -> 119.67 | U58: 0 | V58: =V55 -> 0.22781824
A59: =VLOOKUP(B58,'Sample ID by Horizon'!A:B,2,FALSE) -> 42499 | B59: X11.208.C3 | C59: #5 | D59: A | E59: 4.01 | F59: 1.74 | G59: 4.48 | H59: 2.74 | I59: 1.88 | J59: 0.14 | K59: 64.837905 | L59: 4.0325 | M59: =AVERAGE(J59:J62) -> 0.195 | N59: 37.838658 | O59: =VLOOKUP(B59,'Dry Sieve'!$B$2:$K$992,IF(C59="#5",2,IF(C59="#10",3,IF(C59="#18",4,IF(C59="#35",5,IF(C59="#60",6,IF(C59="#120",7,IF(C59="#200",8,IF(C59="<200",9)))))))),FALSE) -> 155.61 | P59: =SUMIFS(J:J,B:B,B59,C:C,C59)/COUNTIFS(B:B,B59,C:C,C59) -> 0.195 | Q59: =SUMIFS(E:E,B:B,B59,C:C,C59)/COUNTIFS(B:B,B59,C:C,C59) -> 4.0325 | R59: =VLOOKUP(B59,'Dry Sieve'!$B$2:$K$992,IF(C59="#5",2,IF(C59="#10",3,IF(C59="#18",4,IF(C59="#35",5,IF(C59="#60",6,IF(C59="#120",7,IF(C59="#200",8,IF(C59="<200",9)))))))),FALSE) -> 155.61 | S59: =VLOOKUP(B59,'Dry Sieve'!$B$2:$K$992,10,FALSE) -> 201.1 | T59: 0.73637569 | U59: 0.27863468 | V59: =SUM(U59,U63,U67,U71,U75,U79,U83) -> 0.30993447
A60: =VLOOKUP(B59,'Sample ID by Horizon'!A:B,2,FALSE) -> 42499 | B60: X11.208.C3 | C60: #5 | D60: B | E60: 4.05 | F60: 1.74 | G60: 3.65 | H60: 1.91 | I60: 1.92 | J60: 0.18 | K60: 42.716049 | L60: =L59 -> 4.0325 | M60: =M59 -> 0.195 | N60: =N59 -> 37.838658 | O60: =VLOOKUP(B60,'Dry Sieve'!$B$2:$K$992,IF(C60="#5",2,IF(C60="#10",3,IF(C60="#18",4,IF(C60="#35",5,IF(C60="#60",6,IF(C60="#120",7,IF(C60="#200",8,IF(C60="<200",9)))))))),FALSE) -> 155.61 | P60: =SUMIFS(J:J,B:B,B60,C:C,C60)/COUNTIFS(B:B,B60,C:C,C60) -> 0.195 | Q60: =SUMIFS(E:E,B:B,B60,C:C,C60)/COUNTIFS(B:B,B60,C:C,C60) -> 4.0325 | R60: =VLOOKUP(B60,'Dry Sieve'!$B$2:$K$992,IF(C60="#5",2,IF(C60="#10",3,IF(C60="#18",4,IF(C60="#35",5,IF(C60="#60",6,IF(C60="#120",7,IF(C60="#200",8,IF(C60="<200",9)))))))),FALSE) -> 155.61 | S60: =VLOOKUP(B60,'Dry Sieve'!$B$2:$K$992,10,FALSE) -> 201.1 | T60: 0.73637569 | U60: 0.27863468 | V60: =V59 -> 0.30993447
A61: =VLOOKUP(B60,'Sample ID by Horizon'!A:B,2,FALSE) -> 42499 | B61: X11.208.C3 | C61: #5 | D61: A1 | E61: 3.99 | F61: 1.73 | G61: 3.16 | H61: 1.43 | I61: 1.96 | J61: =I61-F61 -> 0.23 | K61: 30.075188 | L61: =L59 -> 4.0325 | M61: =M59 -> 0.195 | N61: =N59 -> 37.838658 | O61: =VLOOKUP(B61,'Dry Sieve'!$B$2:$K$992,IF(C61="#5",2,IF(C61="#10",3,IF(C61="#18",4,IF(C61="#35",5,IF(C61="#60",6,IF(C61="#120",7,IF(C61="#200",8,IF(C61="<200",9)))))))),FALSE) -> 155.61 | P61: =SUMIFS(J:J,B:B,B61,C:C,C61)/COUNTIFS(B:B,B61,C:C,C61) -> 0.195 | Q61: =SUMIFS(E:E,B:B,B61,C:C,C61)/COUNTIFS(B:B,B61,C:C,C61) -> 4.0325 | R61: =VLOOKUP(B61,'Dry Sieve'!$B$2:$K$992,IF(C61="#5",2,IF(C61="#10",3,IF(C61="#18",4,IF(C61="#35",5,IF(C61="#60",6,IF(C61="#120",7,IF(C61="#200",8,IF(C61="<200",9)))))))),FALSE) -> 155.61 | S61: =VLOOKUP(B61,'Dry Sieve'!$B$2:$K$992,10,FALSE) -> 201.1 | T61: 0.73637569 | U61: 0.27863468 | V61: =V59 -> 0.30993447
A62: =VLOOKUP(B61,'Sample ID by Horizon'!A:B,2,FALSE) -> 42499 | B62: X11.208.C3 | C62: #5 | D62: B1 | E62: 4.08 | F62: 1.73 | G62: 2.52 | H62: 0.79 | I62: 1.96 | J62: =I62-F62 -> 0.23 | K62: 13.72549 | L62: =L59 -> 4.0325 | M62: =M59 -> 0.195 | N62: =N59 -> 37.838658 | O62: =VLOOKUP(B62,'Dry Sieve'!$B$2:$K$992,IF(C62="#5",2,IF(C62="#10",3,IF(C62="#18",4,IF(C62="#35",5,IF(C62="#60",6,IF(C62="#120",7,IF(C62="#200",8,IF(C62="<200",9)))))))),FALSE) -> 155.61 | P62: =SUMIFS(J:J,B:B,B62,C:C,C62)/COUNTIFS(B:B,B62,C:C,C62) -> 0.195 | Q62: =SUMIFS(E:E,B:B,B62,C:C,C62)/COUNTIFS(B:B,B62,C:C,C62) -> 4.0325 | R62: =VLOOKUP(B62,'Dry Sieve'!$B$2:$K$992,IF(C62="#5",2,IF(C62="#10",3,IF(C62="#18",4,IF(C62="#35",5,IF(C62="#60",6,IF(C62="#120",7,IF(C62="#200",8,IF(C62="<200",9)))))))),FALSE) -> 155.61 | S62: =VLOOKUP(B62,'Dry Sieve'!$B$2:$K$992,10,FALSE) -> 201.1 | T62: 0.73637569 | U62: 0.27863468 | V62: =V61 -> 0.30993447
A63: =VLOOKUP(B62,'Sample ID by Horizon'!A:B,2,FALSE) -> 42499 | B63: X11.208.C3 | C63: #10 | D63: A | E63: 4.02 | F63: 1.73 | G63: 2.72 | H63: 0.99 | I63: 2.13 | J63: =I63-F63 -> 0.4 | K63: 14.676617 | L63: 4.0325 | M63: =AVERAGE(J63:J66) -> 0.495 | N63: 12.786833 | O63: =VLOOKUP(B63,'Dry Sieve'!$B$2:$K$992,IF(C63="#5",2,IF(C63="#10",3,IF(C63="#18",4,IF(C63="#35",5,IF(C63="#60",6,IF(C63="#120",7,IF(C63="#200",8,IF(C63="<200",9)))))))),FALSE) -> 23.86 | P63: =SUMIFS(J:J,B:B,B63,C:C,C63)/COUNTIFS(B:B,B63,C:C,C63) -> 0.495 | Q63: =SUMIFS(E:E,B:B,B63,C:C,C63)/COUNTIFS(B:B,B63,C:C,C63) -> 4.0325 | R63: =VLOOKUP(B63,'Dry Sieve'!$B$2:$K$992,IF(C63="#5",2,IF(C63="#10",3,IF(C63="#18",4,IF(C63="#35",5,IF(C63="#60",6,IF(C63="#120",7,IF(C63="#200",8,IF(C63="<200",9)))))))),FALSE) -> 23.86 | S63: =VLOOKUP(B63,'Dry Sieve'!$B$2:$K$992,10,FALSE) -> 201.1 | T63: 0.10408315 | U63: 0.011407662 | V63: =V61 -> 0.30993447
A64: =VLOOKUP(B63,'Sample ID by Horizon'!A:B,2,FALSE) -> 42499 | B64: X11.208.C3 | C64: #10 | D64: B | E64: 4.06 | F64: 1.73 | G64: 2.55 | H64: 0.82 | I64: 2.17 | J64: =I64-F64 -> 0.44 | K64: 9.3596059 | L64: =L63 -> 4.0325 | M64: =M63 -> 0.495 | N64: =N63 -> 12.786833 | O64: =VLOOKUP(B64,'Dry Sieve'!$B$2:$K$992,IF(C64="#5",2,IF(C64="#10",3,IF(C64="#18",4,IF(C64="#35",5,IF(C64="#60",6,IF(C64="#120",7,IF(C64="#200",8,IF(C64="<200",9)))))))),FALSE) -> 23.86 | P64: =SUMIFS(J:J,B:B,B64,C:C,C64)/COUNTIFS(B:B,B64,C:C,C64) -> 0.495 | Q64: =SUMIFS(E:E,B:B,B64,C:C,C64)/COUNTIFS(B:B,B64,C:C,C64) -> 4.0325 | R64: =VLOOKUP(B64,'Dry Sieve'!$B$2:$K$992,IF(C64="#5",2,IF(C64="#10",3,IF(C64="#18",4,IF(C64="#35",5,IF(C64="#60",6,IF(C64="#120",7,IF(C64="#200",8,IF(C64="<200",9)))))))),FALSE) -> 23.86 | S64: =VLOOKUP(B64,'Dry Sieve'!$B$2:$K$992,10,FALSE) -> 201.1 | T64: 0.10408315 | U64: 0.011407662 | V64: =V63 -> 0.30993447
A65: =VLOOKUP(B64,'Sample ID by Horizon'!A:B,2,FALSE) -> 42499 | B65: X11.208.C3 | C65: #10 | D65: A1 | E65: 4 | F65: 1.74 | G65: 2.9 | H65: 1.16 | I65: 2.26 | J65: =I65-F65 -> 0.52 | K65: 16 | L65: =L63 -> 4.0325 | M65: =M63 -> 0.495 | N65: =N63 -> 12.786833 | O65: =VLOOKUP(B65,'Dry Sieve'!$B$2:$K$992,IF(C65="#5",2,IF(C65="#10",3,IF(C65="#18",4,IF(C65="#35",5,IF(C65="#60",6,IF(C65="#120",7,IF(C65="#200",8,IF(C65="<200",9)))))))),FALSE) -> 23.86 | P65: =SUMIFS(J:J,B:B,B65,C:C,C65)/COUNTIFS(B:B,B65,C:C,C65) -> 0.495 | Q65: =SUMIFS(E:E,B:B,B65,C:C,C65)/COUNTIFS(B:B,B65,C:C,C65) -> 4.0325 | R65: =VLOOKUP(B65,'Dry Sieve'!$B$2:$K$992,IF(C65="#5",2,IF(C65="#10",3,IF(C65="#18",4,IF(C65="#35",5,IF(C65="#60",6,IF(C65="#120",7,IF(C65="#200",8,IF(C65="<200",9)))))))),FALSE) -> 23.86 | S65: =VLOOKUP(B65,'Dry Sieve'!$B$2:$K$992,10,FALSE) -> 201.1 | T65: 0.10408315 | U65: 0.011407662 | V65: =V63 -> 0.30993447
A66: =VLOOKUP(B65,'Sample ID by Horizon'!A:B,2,FALSE) -> 42499 | B66: X11.208.C3 | C66: #10 | D66: B1 | E66: 4.05 | F66: 1.73 | G66: 2.8 | H66: 1.07 | I66: 2.35 | J66: =I66-F66 -> 0.62 | K66: 11.111111 | L66: =L63 -> 4.0325 | M66: =M63 -> 0.495 | N66: =N63 -> 12.786833 | O66: =VLOOKUP(B66,'Dry Sieve'!$B$2:$K$992,IF(C66="#5",2,IF(C66="#10",3,IF(C66="#18",4,IF(C66="#35",5,IF(C66="#60",6,IF(C66="#120",7,IF(C66="#200",8,IF(C66="<200",9)))))))),FALSE) -> 23.86 | P66: =SUMIFS(J:J,B:B,B66,C:C,C66)/COUNTIFS(B:B,B66,C:C,C66) -> 0.495 | Q66: =SUMIFS(E:E,B:B,B66,C:C,C66)/COUNTIFS(B:B,B66,C:C,C66) -> 4.0325 | R66: =VLOOKUP(B66,'Dry Sieve'!$B$2:$K$992,IF(C66="#5",2,IF(C66="#10",3,IF(C66="#18",4,IF(C66="#35",5,IF(C66="#60",6,IF(C66="#120",7,IF(C66="#200",8,IF(C66="<200",9)))))))),FALSE) -> 23.86 | S66: =VLOOKUP(B66,'Dry Sieve'!$B$2:$K$992,10,FALSE) -> 201.1 | T66: 0.10408315 | U66: 0.011407662 | V66: =V65 -> 0.30993447
A67: =VLOOKUP(B66,'Sample ID by Horizon'!A:B,2,FALSE) -> 42499 | B67: X11.208.C3 | C67: #18 | D67: A | E67: 3.03 | F67: 1.73 | G67: 2.95 | H67: 1.22 | I67: 2.18 | J67: =I67-F67 -> 0.45 | K67: 25.412541 | L67: 3.0675 | M67: =AVERAGE(J67:J70) -> 0.415 | N67: 25.194036 | O67: =VLOOKUP(B67,'Dry Sieve'!$B$2:$K$992,IF(C67="#5",2,IF(C67="#10",3,IF(C67="#18",4,IF(C67="#35",5,IF(C67="#60",6,IF(C67="#120",7,IF(C67="#200",8,IF(C67="<200",9)))))))),FALSE) -> 13.44 | P67: =SUMIFS(J:J,B:B,B67,C:C,C67)/COUNTIFS(B:B,B67,C:C,C67) -> 0.415 | Q67: =SUMIFS(E:E,B:B,B67,C:C,C67)/COUNTIFS(B:B,B67,C:C,C67) -> 3.0675 | R67: =VLOOKUP(B67,'Dry Sieve'!$B$2:$K$992,IF(C67="#5",2,IF(C67="#10",3,IF(C67="#18",4,IF(C67="#35",5,IF(C67="#60",6,IF(C67="#120",7,IF(C67="#200",8,IF(C67="<200",9)))))))),FALSE) -> 13.44 | S67: =VLOOKUP(B67,'Dry Sieve'!$B$2:$K$992,10,FALSE) -> 201.1 | T67: 0.057790709 | U67: 0.010399866 | V67: =V65 -> 0.30993447
A68: =VLOOKUP(B67,'Sample ID by Horizon'!A:B,2,FALSE) -> 42499 | B68: X11.208.C3 | C68: #18 | D68: B | E68: 3.15 | F68: 1.75 | G68: 2.91 | H68: 1.16 | I68: 2.2 | J68: =I68-F68 -> 0.45 | K68: 22.539683 | L68: =L67 -> 3.0675 | M68: =M67 -> 0.415 | N68: =N67 -> 25.194036 | O68: =VLOOKUP(B68,'Dry Sieve'!$B$2:$K$992,IF(C68="#5",2,IF(C68="#10",3,IF(C68="#18",4,IF(C68="#35",5,IF(C68="#60",6,IF(C68="#120",7,IF(C68="#200",8,IF(C68="<200",9)))))))),FALSE) -> 13.44 | P68: =SUMIFS(J:J,B:B,B68,C:C,C68)/COUNTIFS(B:B,B68,C:C,C68) -> 0.415 | Q68: =SUMIFS(E:E,B:B,B68,C:C,C68)/COUNTIFS(B:B,B68,C:C,C68) -> 3.0675 | R68: =VLOOKUP(B68,'Dry Sieve'!$B$2:$K$992,IF(C68="#5",2,IF(C68="#10",3,IF(C68="#18",4,IF(C68="#35",5,IF(C68="#60",6,IF(C68="#120",7,IF(C68="#200",8,IF(C68="<200",9)))))))),FALSE) -> 13.44 | S68: =VLOOKUP(B68,'Dry Sieve'!$B$2:$K$992,10,FALSE) -> 201.1 | T68: 0.057790709 | U68: 0.010399866 | V68: =V67 -> 0.30993447
A69: =VLOOKUP(B68,'Sample ID by Horizon'!A:B,2,FALSE) -> 42499 | B69: X11.208.C3 | C69: #18 | D69: A1 | E69: 3.08 | F69: 1.73 | G69: 3.04 | H69: 1.31 | I69: 2.16 | J69: =I69-F69 -> 0.43 | K69: 28.571429 | L69: =L67 -> 3.0675 | M69: =M67 -> 0.415 | N69: =N67 -> 25.194036 | O69: =VLOOKUP(B69,'Dry Sieve'!$B$2:$K$992,IF(C69="#5",2,IF(C69="#10",3,IF(C69="#18",4,IF(C69="#35",5,IF(C69="#60",6,IF(C69="#120",7,IF(C69="#200",8,IF(C69="<200",9)))))))),FALSE) -> 13.44 | P69: =SUMIFS(J:J,B:B,B69,C:C,C69)/COUNTIFS(B:B,B69,C:C,C69) -> 0.415 | Q69: =SUMIFS(E:E,B:B,B69,C:C,C69)/COUNTIFS(B:B,B69,C:C,C69) -> 3.0675 | R69: =VLOOKUP(B69,'Dry Sieve'!$B$2:$K$992,IF(C69="#5",2,IF(C69="#10",3,IF(C69="#18",4,IF(C69="#35",5,IF(C69="#60",6,IF(C69="#120",7,IF(C69="#200",8,IF(C69="<200",9)))))))),FALSE) -> 13.44 | S69: =VLOOKUP(B69,'Dry Sieve'!$B$2:$K$992,10,FALSE) -> 201.1 | T69: 0.057790709 | U69: 0.010399866 | V69: =V67 -> 0.30993447
A70: =VLOOKUP(B69,'Sample ID by Horizon'!A:B,2,FALSE) -> 42499 | B70: X11.208.C3 | C70: #18 | D70: B1 | E70: 3.01 | F70: 1.73 | G70: 2.79 | H70: 1.06 | I70: 2.06 | J70: =I70-F70 -> 0.33 | K70: 24.252492 | L70: =L67 -> 3.0675 | M70: =M67 -> 0.415 | N70: =N67 -> 25.194036 | O70: =VLOOKUP(B70,'Dry Sieve'!$B$2:$K$992,IF(C70="#5",2,IF(C70="#10",3,IF(C70="#18",4,IF(C70="#35",5,IF(C70="#60",6,IF(C70="#120",7,IF(C70="#200",8,IF(C70="<200",9)))))))),FALSE) -> 13.44 | P70: =SUMIFS(J:J,B:B,B70,C:C,C70)/COUNTIFS(B:B,B70,C:C,C70) -> 0.415 | Q70: =SUMIFS(E:E,B:B,B70,C:C,C70)/COUNTIFS(B:B,B70,C:C,C70) -> 3.0675 | R70: =VLOOKUP(B70,'Dry Sieve'!$B$2:$K$992,IF(C70="#5",2,IF(C70="#10",3,IF(C70="#18",4,IF(C70="#35",5,IF(C70="#60",6,IF(C70="#120",7,IF(C70="#200",8,IF(C70="<200",9)))))))),FALSE) -> 13.44 | S70: =VLOOKUP(B70,'Dry Sieve'!$B$2:$K$992,10,FALSE) -> 201.1 | T70: 0.057790709 | U70: 0.010399866 | V70: =V69 -> 0.30993447
A71: =VLOOKUP(B70,'Sample ID by Horizon'!A:B,2,FALSE) -> 42499 | B71: X11.208.C3 | C71: #35 | D71: A | E71: 1.03 | F71: 1.74 | G71: 2.56 | H71: 0.82 | I71: 1.9 | J71: =I71-F71 -> 0.16 | K71: 64.07767 | L71: 1.07 | M71: =AVERAGE(J71:J74) -> 0.175 | N71: 66.057232 | O71: =VLOOKUP(B71,'Dry Sieve'!$B$2:$K$992,IF(C71="#5",2,IF(C71="#10",3,IF(C71="#18",4,IF(C71="#35",5,IF(C71="#60",6,IF(C71="#120",7,IF(C71="#200",8,IF(C71="<200",9)))))))),FALSE) -> 5.42 | P71: =SUMIFS(J:J,B:B,B71,C:C,C71)/COUNTIFS(B:B,B71,C:C,C71) -> 0.175 | Q71: =SUMIFS(E:E,B:B,B71,C:C,C71)/COUNTIFS(B:B,B71,C:C,C71) -> 1.07 | R71: =VLOOKUP(B71,'Dry Sieve'!$B$2:$K$992,IF(C71="#5",2,IF(C71="#10",3,IF(C71="#18",4,IF(C71="#35",5,IF(C71="#60",6,IF(C71="#120",7,IF(C71="#200",8,IF(C71="<200",9)))))))),FALSE) -> 5.42 | S71: =VLOOKUP(B71,'Dry Sieve'!$B$2:$K$992,10,FALSE) -> 201.1 | T71: 0.022543766 | U71: 0.0085095931 | V71: =V69 -> 0.30993447
A72: =VLOOKUP(B71,'Sample ID by Horizon'!A:B,2,FALSE) -> 42499 | B72: X11.208.C3 | C72: #35 | D72: B | E72: 1.16 | F72: 1.74 | G72: 2.67 | H72: 0.93 | I72: 1.98 | J72: =I72-F72 -> 0.24 | K72: 59.482759 | L72: =L71 -> 1.07 | M72: =M71 -> 0.175 | N72: =N71 -> 66.057232 | O72: =VLOOKUP(B72,'Dry Sieve'!$B$2:$K$992,IF(C72="#5",2,IF(C72="#10",3,IF(C72="#18",4,IF(C72="#35",5,IF(C72="#60",6,IF(C72="#120",7,IF(C72="#200",8,IF(C72="<200",9)))))))),FALSE) -> 5.42 | P72: =SUMIFS(J:J,B:B,B72,C:C,C72)/COUNTIFS(B:B,B72,C:C,C72) -> 0.175 | Q72: =SUMIFS(E:E,B:B,B72,C:C,C72)/COUNTIFS(B:B,B72,C:C,C72) -> 1.07 | R72: =VLOOKUP(B72,'Dry Sieve'!$B$2:$K$992,IF(C72="#5",2,IF(C72="#10",3,IF(C72="#18",4,IF(C72="#35",5,IF(C72="#60",6,IF(C72="#120",7,IF(C72="#200",8,IF(C72="<200",9)))))))),FALSE) -> 5.42 | S72: =VLOOKUP(B72,'Dry Sieve'!$B$2:$K$992,10,FALSE) -> 201.1 | T72: 0.022543766 | U72: 0.0085095931 | V72: =V71 -> 0.30993447
A73: =VLOOKUP(B72,'Sample ID by Horizon'!A:B,2,FALSE) -> 42499 | B73: X11.208.C3 | C73: #35 | D73: A1 | E73: 1.04 | F73: 1.72 | G73: 2.59 | H73: 0.87 | I73: 1.86 | J73: =I73-F73 -> 0.14 | K73: 70.192308 | L73: =L71 -> 1.07 | M73: =M71 -> 0.175 | N73: =N71 -> 66.057232 | O73: =VLOOKUP(B73,'Dry Sieve'!$B$2:$K$992,IF(C73="#5",2,IF(C73="#10",3,IF(C73="#18",4,IF(C73="#35",5,IF(C73="#60",6,IF(C73="#120",7,IF(C73="#200",8,IF(C73="<200",9)))))))),FALSE) -> 5.42 | P73: =SUMIFS(J:J,B:B,B73,C:C,C73)/COUNTIFS(B:B,B73,C:C,C73) -> 0.175 | Q73: =SUMIFS(E:E,B:B,B73,C:C,C73)/COUNTIFS(B:B,B73,C:C,C73) -> 1.07 | R73: =VLOOKUP(B73,'Dry Sieve'!$B$2:$K$992,IF(C73="#5",2,IF(C73="#10",3,IF(C73="#18",4,IF(C73="#35",5,IF(C73="#60",6,IF(C73="#120",7,IF(C73="#200",8,IF(C73="<200",9)))))))),FALSE) -> 5.42 | S73: =VLOOKUP(B73,'Dry Sieve'!$B$2:$K$992,10,FALSE) -> 201.1 | T73: 0.022543766 | U73: 0.0085095931 | V73: =V71 -> 0.30993447
A74: =VLOOKUP(B73,'Sample ID by Horizon'!A:B,2,FALSE) -> 42499 | B74: X11.208.C3 | C74: #35 | D74: B1 | E74: 1.05 | F74: 1.74 | G74: 2.64 | H74: 0.9 | I74: 1.9 | J74: =I74-F74 -> 0.16 | K74: 70.47619 | L74: =L71 -> 1.07 | M74: =M71 -> 0.175 | N74: =N71 -> 66.057232 | O74: =VLOOKUP(B74,'Dry Sieve'!$B$2:$K$992,IF(C74="#5",2,IF(C74="#10",3,IF(C74="#18",4,IF(C74="#35",5,IF(C74="#60",6,IF(C74="#120",7,IF(C74="#200",8,IF(C74="<200",9)))))))),FALSE) -> 5.42 | P74: =SUMIFS(J:J,B:B,B74,C:C,C74)/COUNTIFS(B:B,B74,C:C,C74) -> 0.175 | Q74: =SUMIFS(E:E,B:B,B74,C:C,C74)/COUNTIFS(B:B,B74,C:C,C74) -> 1.07 | R74: =VLOOKUP(B74,'Dry Sieve'!$B$2:$K$992,IF(C74="#5",2,IF(C74="#10",3,IF(C74="#18",4,IF(C74="#35",5,IF(C74="#60",6,IF(C74="#120",7,IF(C74="#200",8,IF(C74="<200",9)))))))),FALSE) -> 5.42 | S74: =VLOOKUP(B74,'Dry Sieve'!$B$2:$K$992,10,FALSE) -> 201.1 | T74: 0.022543766 | U74: 0.0085095931 | V74: =V73 -> 0.30993447
A75: =VLOOKUP(B74,'Sample ID by Horizon'!A:B,2,FALSE) -> 42499 | B75: X11.208.C3 | C75: #60 | D75: A | E75: 0.35 | F75: 1.73 | G75: 1.93 | H75: 0.2 | I75: 1.81 | J75: =I75-F75 -> 0.08 | K75: 34.285714 | L75: 0.4275 | M75: =AVERAGE(J75:J78) -> 0.105 | N75: 29.823691 | O75: =VLOOKUP(B75,'Dry Sieve'!$B$2:$K$992,IF(C75="#5",2,IF(C75="#10",3,IF(C75="#18",4,IF(C75="#35",5,IF(C75="#60",6,IF(C75="#120",7,IF(C75="#200",8,IF(C75="<200",9)))))))),FALSE) -> 1.61 | P75: =SUMIFS(J:J,B:B,B75,C:C,C75)/COUNTIFS(B:B,B75,C:C,C75) -> 0.105 | Q75: =SUMIFS(E:E,B:B,B75,C:C,C75)/COUNTIFS(B:B,B75,C:C,C75) -> 0.4275 | R75: =VLOOKUP(B75,'Dry Sieve'!$B$2:$K$992,IF(C75="#5",2,IF(C75="#10",3,IF(C75="#18",4,IF(C75="#35",5,IF(C75="#60",6,IF(C75="#120",7,IF(C75="#200",8,IF(C75="<200",9)))))))),FALSE) -> 1.61 | S75: =VLOOKUP(B75,'Dry Sieve'!$B$2:$K$992,10,FALSE) -> 201.1 | T75: 0.0060395893 | U75: 0.00077195505 | V75: =V73 -> 0.30993447
A76: =VLOOKUP(B75,'Sample ID by Horizon'!A:B,2,FALSE) -> 42499 | B76: X11.208.C3 | C76: #60 | D76: B | E76: 0.34 | F76: 1.74 | G76: 1.92 | H76: 0.18 | I76: 1.83 | J76: =I76-F76 -> 0.09 | K76: 26.470588 | L76: =L75 -> 0.4275 | M76: =M75 -> 0.105 | N76: =N75 -> 29.823691 | O76: =VLOOKUP(B76,'Dry Sieve'!$B$2:$K$992,IF(C76="#5",2,IF(C76="#10",3,IF(C76="#18",4,IF(C76="#35",5,IF(C76="#60",6,IF(C76="#120",7,IF(C76="#200",8,IF(C76="<200",9)))))))),FALSE) -> 1.61 | P76: =SUMIFS(J:J,B:B,B76,C:C,C76)/COUNTIFS(B:B,B76,C:C,C76) -> 0.105 | Q76: =SUMIFS(E:E,B:B,B76,C:C,C76)/COUNTIFS(B:B,B76,C:C,C76) -> 0.4275 | R76: =VLOOKUP(B76,'Dry Sieve'!$B$2:$K$992,IF(C76="#5",2,IF(C76="#10",3,IF(C76="#18",4,IF(C76="#35",5,IF(C76="#60",6,IF(C76="#120",7,IF(C76="#200",8,IF(C76="<200",9)))))))),FALSE) -> 1.61 | S76: =VLOOKUP(B76,'Dry Sieve'!$B$2:$K$992,10,FALSE) -> 201.1 | T76: 0.0060395893 | U76: 0.00077195505 | V76: =V75 -> 0.30993447
A77: =VLOOKUP(B76,'Sample ID by Horizon'!A:B,2,FALSE) -> 42499 | B77: X11.208.C3 | C77: #60 | D77: A1 | E77: 0.52 | F77: 1.71 | G77: 2.05 | H77: 0.34 | I77: 1.86 | J77: =I77-F77 -> 0.15 | K77: 36.538462 | L77: =L75 -> 0.4275 | M77: =M75 -> 0.105 | N77: =N75 -> 29.823691 | O77: =VLOOKUP(B77,'Dry Sieve'!$B$2:$K$992,IF(C77="#5",2,IF(C77="#10",3,IF(C77="#18",4,IF(C77="#35",5,IF(C77="#60",6,IF(C77="#120",7,IF(C77="#200",8,IF(C77="<200",9)))))))),FALSE) -> 1.61 | P77: =SUMIFS(J:J,B:B,B77,C:C,C77)/COUNTIFS(B:B,B77,C:C,C77) -> 0.105 | Q77: =SUMIFS(E:E,B:B,B77,C:C,C77)/COUNTIFS(B:B,B77,C:C,C77) -> 0.4275 | R77: =VLOOKUP(B77,'Dry Sieve'!$B$2:$K$992,IF(C77="#5",2,IF(C77="#10",3,IF(C77="#18",4,IF(C77="#35",5,IF(C77="#60",6,IF(C77="#120",7,IF(C77="#200",8,IF(C77="<200",9)))))))),FALSE) -> 1.61 | S77: =VLOOKUP(B77,'Dry Sieve'!$B$2:$K$992,10,FALSE) -> 201.1 | T77: 0.0060395893 | U77: 0.00077195505 | V77: =V75 -> 0.30993447
A78: =VLOOKUP(B77,'Sample ID by Horizon'!A:B,2,FALSE) -> 42499 | B78: X11.208.C3 | C78: #60 | D78: B1 | E78: 0.5 | F78: 1.74 | G78: 1.95 | H78: 0.21 | I78: 1.84 | J78: =I78-F78 -> 0.1 | K78: 22 | L78: =L75 -> 0.4275 | M78: =M75 -> 0.105 | N78: =N75 -> 29.823691 | O78: =VLOOKUP(B78,'Dry Sieve'!$B$2:$K$992,IF(C78="#5",2,IF(C78="#10",3,IF(C78="#18",4,IF(C78="#35",5,IF(C78="#60",6,IF(C78="#120",7,IF(C78="#200",8,IF(C78="<200",9)))))))),FALSE) -> 1.61 | P78: =SUMIFS(J:J,B:B,B78,C:C,C78)/COUNTIFS(B:B,B78,C:C,C78) -> 0.105 | Q78: =SUMIFS(E:E,B:B,B78,C:C,C78)/COUNTIFS(B:B,B78,C:C,C78) -> 0.4275 | R78: =VLOOKUP(B78,'Dry Sieve'!$B$2:$K$992,IF(C78="#5",2,IF(C78="#10",3,IF(C78="#18",4,IF(C78="#35",5,IF(C78="#60",6,IF(C78="#120",7,IF(C78="#200",8,IF(C78="<200",9)))))))),FALSE) -> 1.61 | S78: =VLOOKUP(B78,'Dry Sieve'!$B$2:$K$992,10,FALSE) -> 201.1 | T78: 0.0060395893 | U78: 0.00077195505 | V78: =V77 -> 0.30993447
A79: =VLOOKUP(B78,'Sample ID by Horizon'!A:B,2,FALSE) -> 42499 | B79: X11.208.C3 | C79: #120 | D79: A | E79: 0.25 | F79: 1.73 | G79: 1.96 | H79: 0.23 | I79: 1.84 | J79: =I79-F79 -> 0.11 | K79: 48 | L79: 0.25 | M79: =AVERAGE(J79:J82) -> 0.0625 | N79: 44 | O79: =VLOOKUP(B79,'Dry Sieve'!$B$2:$K$992,IF(C79="#5",2,IF(C79="#10",3,IF(C79="#18",4,IF(C79="#35",5,IF(C79="#60",6,IF(C79="#120",7,IF(C79="#200",8,IF(C79="<200",9)))))))),FALSE) -> 0.59 | P79: =SUMIFS(J:J,B:B,B79,C:C,C79)/COUNTIFS(B:B,B79,C:C,C79) -> 0.0625 | Q79: =SUMIFS(E:E,B:B,B79,C:C,C79)/COUNTIFS(B:B,B79,C:C,C79) -> 0.125 | R79: =VLOOKUP(B79,'Dry Sieve'!$B$2:$K$992,IF(C79="#5",2,IF(C79="#10",3,IF(C79="#18",4,IF(C79="#35",5,IF(C79="#60",6,IF(C79="#120",7,IF(C79="#200",8,IF(C79="<200",9)))))))),FALSE) -> 0.59 | S79: =VLOOKUP(B79,'Dry Sieve'!$B$2:$K$992,10,FALSE) -> 201.1 | T79: 0.0014669319 | U79: 0.00018441429 | V79: =V77 -> 0.30993447
A80: =VLOOKUP(B79,'Sample ID by Horizon'!A:B,2,FALSE) -> 42499 | B80: X11.208.C3 | C80: #120 | D80: B | E80: 0.25 | F80: 1.73 | G80: 1.97 | H80: 0.24 | I80: 1.87 | J80: =I80-F80 -> 0.14 | K80: 40 | L80: =L79 -> 0.25 | M80: =M79 -> 0.0625 | N80: =N79 -> 44 | O80: =VLOOKUP(B80,'Dry Sieve'!$B$2:$K$992,IF(C80="#5",2,IF(C80="#10",3,IF(C80="#18",4,IF(C80="#35",5,IF(C80="#60",6,IF(C80="#120",7,IF(C80="#200",8,IF(C80="<200",9)))))))),FALSE) -> 0.59 | P80: =SUMIFS(J:J,B:B,B80,C:C,C80)/COUNTIFS(B:B,B80,C:C,C80) -> 0.0625 | Q80: =SUMIFS(E:E,B:B,B80,C:C,C80)/COUNTIFS(B:B,B80,C:C,C80) -> 0.125 | R80: =VLOOKUP(B80,'Dry Sieve'!$B$2:$K$992,IF(C80="#5",2,IF(C80="#10",3,IF(C80="#18",4,IF(C80="#35",5,IF(C80="#60",6,IF(C80="#120",7,IF(C80="#200",8,IF(C80="<200",9)))))))),FALSE) -> 0.59 | S80: =VLOOKUP(B80,'Dry Sieve'!$B$2:$K$992,10,FALSE) -> 201.1 | T80: 0.0014669319 | U80: 0.00018441429 | V80: =V79 -> 0.30993447
A81: =VLOOKUP(B80,'Sample ID by Horizon'!A:B,2,FALSE) -> 42499 | B81: X11.208.C3 | C81: #120 | D81: A1 | J81: =I81-F81 -> 0 | L81: =L79 -> 0.25 | M81: =M79 -> 0.0625 | N81: =N79 -> 44 | O81: =VLOOKUP(B81,'Dry Sieve'!$B$2:$K$992,IF(C81="#5",2,IF(C81="#10",3,IF(C81="#18",4,IF(C81="#35",5,IF(C81="#60",6,IF(C81="#120",7,IF(C81="#200",8,IF(C81="<200",9)))))))),FALSE) -> 0.59 | P81: =SUMIFS(J:J,B:B,B81,C:C,C81)/COUNTIFS(B:B,B81,C:C,C81) -> 0.0625 | Q81: =SUMIFS(E:E,B:B,B81,C:C,C81)/COUNTIFS(B:B,B81,C:C,C81) -> 0.125 | R81: =VLOOKUP(B81,'Dry Sieve'!$B$2:$K$992,IF(C81="#5",2,IF(C81="#10",3,IF(C81="#18",4,IF(C81="#35",5,IF(C81="#60",6,IF(C81="#120",7,IF(C81="#200",8,IF(C81="<200",9)))))))),FALSE) -> 0.59 | S81: =VLOOKUP(B81,'Dry Sieve'!$B$2:$K$992,10,FALSE) -> 201.1 | T81: 0.0014669319 | U81: 0.00018441429 | V81: =V79 -> 0.30993447
A82: =VLOOKUP(B81,'Sample ID by Horizon'!A:B,2,FALSE) -> 42499 | B82: X11.208.C3 | C82: #120 | D82: B1 | J82: =I82-F82 -> 0 | L82: =L79 -> 0.25 | M82: =M79 -> 0.0625 | N82: =N79 -> 44 | O82: =VLOOKUP(B82,'Dry Sieve'!$B$2:$K$992,IF(C82="#5",2,IF(C82="#10",3,IF(C82="#18",4,IF(C82="#35",5,IF(C82="#60",6,IF(C82="#120",7,IF(C82="#200",8,IF(C82="<200",9)))))))),FALSE) -> 0.59 | P82: =SUMIFS(J:J,B:B,B82,C:C,C82)/COUNTIFS(B:B,B82,C:C,C82) -> 0.0625 | Q82: =SUMIFS(E:E,B:B,B82,C:C,C82)/COUNTIFS(B:B,B82,C:C,C82) -> 0.125 | R82: =VLOOKUP(B82,'Dry Sieve'!$B$2:$K$992,IF(C82="#5",2,IF(C82="#10",3,IF(C82="#18",4,IF(C82="#35",5,IF(C82="#60",6,IF(C82="#120",7,IF(C82="#200",8,IF(C82="<200",9)))))))),FALSE) -> 0.59 | S82: =VLOOKUP(B82,'Dry Sieve'!$B$2:$K$992,10,FALSE) -> 201.1 | T82: 0.0014669319 | U82: 0.00018441429 | V82: =V81 -> 0.30993447
A83: =VLOOKUP(B82,'Sample ID by Horizon'!A:B,2,FALSE) -> 42499 | B83: X11.208.C3 | C83: #200 | D83: A | E83: 0.11 | F83: 1.74 | G83: 1.83 | H83: 0.09 | I83: 1.8 | J83: =I83-F83 -> 0.06 | K83: 27.272727 | L83: 0.11 | M83: =AVERAGE(J83:J86) -> 0.035 | N83: 36.363636 | O83: =VLOOKUP(B83,'Dry Sieve'!$B$2:$K$992,IF(C83="#5",2,IF(C83="#10",3,IF(C83="#18",4,IF(C83="#35",5,IF(C83="#60",6,IF(C83="#120",7,IF(C83="#200",8,IF(C83="<200",9)))))))),FALSE) -> 0.28 | P83: =SUMIFS(J:J,B:B,B83,C:C,C83)/COUNTIFS(B:B,B83,C:C,C83) -> 0.035 | Q83: =SUMIFS(E:E,B:B,B83,C:C,C83)/COUNTIFS(B:B,B83,C:C,C83) -> 0.055 | R83: =VLOOKUP(B83,'Dry Sieve'!$B$2:$K$992,IF(C83="#5",2,IF(C83="#10",3,IF(C83="#18",4,IF(C83="#35",5,IF(C83="#60",6,IF(C83="#120",7,IF(C83="#200",8,IF(C83="<200",9)))))))),FALSE) -> 0.28 | S83: =VLOOKUP(B83,'Dry Sieve'!$B$2:$K$992,10,FALSE) -> 201.1 | T83: 0.00050630622 | U83: 2.6301622e-05 | V83: =V81 -> 0.30993447
A84: =VLOOKUP(B83,'Sample ID by Horizon'!A:B,2,FALSE) -> 42499 | B84: X11.208.C3 | C84: #200 | D84: B | E84: 0.11 | F84: 1.74 | G84: 1.87 | H84: 0.13 | I84: 1.82 | J84: =I84-F84 -> 0.08 | K84: 45.454545 | L84: =L83 -> 0.11 | M84: =M83 -> 0.035 | N84: =N83 -> 36.363636 | O84: =VLOOKUP(B84,'Dry Sieve'!$B$2:$K$992,IF(C84="#5",2,IF(C84="#10",3,IF(C84="#18",4,IF(C84="#35",5,IF(C84="#60",6,IF(C84="#120",7,IF(C84="#200",8,IF(C84="<200",9)))))))),FALSE) -> 0.28 | P84: =SUMIFS(J:J,B:B,B84,C:C,C84)/COUNTIFS(B:B,B84,C:C,C84) -> 0.035 | Q84: =SUMIFS(E:E,B:B,B84,C:C,C84)/COUNTIFS(B:B,B84,C:C,C84) -> 0.055 | R84: =VLOOKUP(B84,'Dry Sieve'!$B$2:$K$992,IF(C84="#5",2,IF(C84="#10",3,IF(C84="#18",4,IF(C84="#35",5,IF(C84="#60",6,IF(C84="#120",7,IF(C84="#200",8,IF(C84="<200",9)))))))),FALSE) -> 0.28 | S84: =VLOOKUP(B84,'Dry Sieve'!$B$2:$K$992,10,FALSE) -> 201.1 | T84: 0.00050630622 | U84: 2.6301622e-05 | V84: =V83 -> 0.30993447
A85: =VLOOKUP(B84,'Sample ID by Horizon'!A:B,2,FALSE) -> 42499 | B85: X11.208.C3 | C85: #200 | D85: A1 | J85: =I85-F85 -> 0 | L85: =L83 -> 0.11 | M85: =M83 -> 0.035 | N85: =N83 -> 36.363636 | O85: =VLOOKUP(B85,'Dry Sieve'!$B$2:$K$992,IF(C85="#5",2,IF(C85="#10",3,IF(C85="#18",4,IF(C85="#35",5,IF(C85="#60",6,IF(C85="#120",7,IF(C85="#200",8,IF(C85="<200",9)))))))),FALSE) -> 0.28 | P85: =SUMIFS(J:J,B:B,B85,C:C,C85)/COUNTIFS(B:B,B85,C:C,C85) -> 0.035 | Q85: =SUMIFS(E:E,B:B,B85,C:C,C85)/COUNTIFS(B:B,B85,C:C,C85) -> 0.055 | R85: =VLOOKUP(B85,'Dry Sieve'!$B$2:$K$992,IF(C85="#5",2,IF(C85="#10",3,IF(C85="#18",4,IF(C85="#35",5,IF(C85="#60",6,IF(C85="#120",7,IF(C85="#200",8,IF(C85="<200",9)))))))),FALSE) -> 0.28 | S85: =VLOOKUP(B85,'Dry Sieve'!$B$2:$K$992,10,FALSE) -> 201.1 | T85: 0.00050630622 | U85: 2.6301622e-05 | V85: =V83 -> 0.30993447
A86: =VLOOKUP(B85,'Sample ID by Horizon'!A:B,2,FALSE) -> 42499 | B86: X11.208.C3 | C86: #200 | D86: B1 | J86: =I86-F86 -> 0 | L86: =L83 -> 0.11 | M86: =M83 -> 0.035 | N86: =N83 -> 36.363636 | O86: =VLOOKUP(B86,'Dry Sieve'!$B$2:$K$992,IF(C86="#5",2,IF(C86="#10",3,IF(C86="#18",4,IF(C86="#35",5,IF(C86="#60",6,IF(C86="#120",7,IF(C86="#200",8,IF(C86="<200",9)))))))),FALSE) -> 0.28 | P86: =SUMIFS(J:J,B:B,B86,C:C,C86)/COUNTIFS(B:B,B86,C:C,C86) -> 0.035 | Q86: =SUMIFS(E:E,B:B,B86,C:C,C86)/COUNTIFS(B:B,B86,C:C,C86) -> 0.055 | R86: =VLOOKUP(B86,'Dry Sieve'!$B$2:$K$992,IF(C86="#5",2,IF(C86="#10",3,IF(C86="#18",4,IF(C86="#35",5,IF(C86="#60",6,IF(C86="#120",7,IF(C86="#200",8,IF(C86="<200",9)))))))),FALSE) -> 0.28 | S86: =VLOOKUP(B86,'Dry Sieve'!$B$2:$K$992,10,FALSE) -> 201.1 | T86: 0.00050630622 | U86: 2.6301622e-05 | V86: =V85 -> 0.30993447
A87: =VLOOKUP(#REF!,'Sample ID by Horizon'!A:B,2,FALSE) -> #REF! | B87: X11.207.C1 | C87: #5 | D87: A | E87: 4 | F87: 5.62 | G87: 8.51 | H87: 2.89 | I87: 5.63 | J87: =I87-F87 -> 0.01 | K87: 72 | L87: 4.0366667 | M87: =AVERAGE(J87:J90) -> 0.0175 | N87: 76.288798 | O87: =VLOOKUP(B87,'Dry Sieve'!$B$2:$K$992,IF(C87="#5",2,IF(C87="#10",3,IF(C87="#18",4,IF(C87="#35",5,IF(C87="#60",6,IF(C87="#120",7,IF(C87="#200",8,IF(C87="<200",9)))))))),FALSE) -> 21.25 | P87: =SUMIFS(J:J,B:B,B87,C:C,C87)/COUNTIFS(B:B,B87,C:C,C87) -> 0.0175 | Q87: =SUMIFS(E:E,B:B,B87,C:C,C87)/COUNTIFS(B:B,B87,C:C,C87) -> 3.0275 | R87: =VLOOKUP(B87,'Dry Sieve'!$B$2:$K$992,IF(C87="#5",2,IF(C87="#10",3,IF(C87="#18",4,IF(C87="#35",5,IF(C87="#60",6,IF(C87="#120",7,IF(C87="#200",8,IF(C87="<200",9)))))))),FALSE) -> 21.25 | S87: =VLOOKUP(B87,'Dry Sieve'!$B$2:$K$992,10,FALSE) -> 58.93 | T87: 0.35851294 | U87: 0.27350521 | V87: =SUM(U87,U91,U95,U99,U103,U107,U111) -> 0.41789596
A88: =VLOOKUP(B87,'Sample ID by Horizon'!A:B,2,FALSE) -> 42500 | B88: X11.207.C1 | C88: #5 | D88: B | J88: =I88-F88 -> 0 | L88: =L87 -> 4.0366667 | M88: =M87 -> 0.0175 | N88: =N87 -> 76.288798 | O88: =VLOOKUP(B88,'Dry Sieve'!$B$2:$K$992,IF(C88="#5",2,IF(C88="#10",3,IF(C88="#18",4,IF(C88="#35",5,IF(C88="#60",6,IF(C88="#120",7,IF(C88="#200",8,IF(C88="<200",9)))))))),FALSE) -> 21.25 | P88: =SUMIFS(J:J,B:B,B88,C:C,C88)/COUNTIFS(B:B,B88,C:C,C88) -> 0.0175 | Q88: =SUMIFS(E:E,B:B,B88,C:C,C88)/COUNTIFS(B:B,B88,C:C,C88) -> 3.0275 | R88: =VLOOKUP(B88,'Dry Sieve'!$B$2:$K$992,IF(C88="#5",2,IF(C88="#10",3,IF(C88="#18",4,IF(C88="#35",5,IF(C88="#60",6,IF(C88="#120",7,IF(C88="#200",8,IF(C88="<200",9)))))))),FALSE) -> 21.25 | S88: =VLOOKUP(B88,'Dry Sieve'!$B$2:$K$992,10,FALSE) -> 58.93 | T88: 0.35851294 | U88: 0.27350521 | V88: =V87 -> 0.41789596
A89: =VLOOKUP(B88,'Sample ID by Horizon'!A:B,2,FALSE) -> 42500 | B89: X11.207.C1 | C89: #5 | D89: A1 | E89: 4.08 | F89: 5.51 | G89: 9.48 | H89: 3.97 | I89: 5.54 | J89: =I89-F89 -> 0.03 | K89: 96.568627 | L89: =L87 -> 4.0366667 | M89: =M87 -> 0.0175 | N89: =N87 -> 76.288798 | O89: =VLOOKUP(B89,'Dry Sieve'!$B$2:$K$992,IF(C89="#5",2,IF(C89="#10",3,IF(C89="#18",4,IF(C89="#35",5,IF(C89="#60",6,IF(C89="#120",7,IF(C89="#200",8,IF(C89="<200",9)))))))),FALSE) -> 21.25 | P89: =SUMIFS(J:J,B:B,B89,C:C,C89)/COUNTIFS(B:B,B89,C:C,C89) -> 0.0175 | Q89: =SUMIFS(E:E,B:B,B89,C:C,C89)/COUNTIFS(B:B,B89,C:C,C89) -> 3.0275 | R89: =VLOOKUP(B89,'Dry Sieve'!$B$2:$K$992,IF(C89="#5",2,IF(C89="#10",3,IF(C89="#18",4,IF(C89="#35",5,IF(C89="#60",6,IF(C89="#120",7,IF(C89="#200",8,IF(C89="<200",9)))))))),FALSE) -> 21.25 | S89: =VLOOKUP(B89,'Dry Sieve'!$B$2:$K$992,10,FALSE) -> 58.93 | T89: 0.35851294 | U89: 0.27350521 | V89: =V87 -> 0.41789596
A90: =VLOOKUP(B89,'Sample ID by Horizon'!A:B,2,FALSE) -> 42500 | B90: X11.207.C1 | C90: #5 | D90: B1 | E90: 4.03 | F90: 5.59 | G90: 8.05 | H90: 2.46 | I90: 5.62 | J90: =I90-F90 -> 0.03 | K90: 60.297767 | L90: =L87 -> 4.0366667 | M90: =M87 -> 0.0175 | N90: =N87 -> 76.288798 | O90: =VLOOKUP(B90,'Dry Sieve'!$B$2:$K$992,IF(C90="#5",2,IF(C90="#10",3,IF(C90="#18",4,IF(C90="#35",5,IF(C90="#60",6,IF(C90="#120",7,IF(C90="#200",8,IF(C90="<200",9)))))))),FALSE) -> 21.25 | P90: =SUMIFS(J:J,B:B,B90,C:C,C90)/COUNTIFS(B:B,B90,C:C,C90) -> 0.0175 | Q90: =SUMIFS(E:E,B:B,B90,C:C,C90)/COUNTIFS(B:B,B90,C:C,C90) -> 3.0275 | R90: =VLOOKUP(B90,'Dry Sieve'!$B$2:$K$992,IF(C90="#5",2,IF(C90="#10",3,IF(C90="#18",4,IF(C90="#35",5,IF(C90="#60",6,IF(C90="#120",7,IF(C90="#200",8,IF(C90="<200",9)))))))),FALSE) -> 21.25 | S90: =VLOOKUP(B90,'Dry Sieve'!$B$2:$K$992,10,FALSE) -> 58.93 | T90: 0.35851294 | U90: 0.27350521 | V90: =V89 -> 0.41789596
A91: =VLOOKUP(B90,'Sample ID by Horizon'!A:B,2,FALSE) -> 42500 | B91: X11.207.C1 | C91: #10 | D91: A | E91: 2.08 | F91: 5.55 | G91: 6.76 | H91: 1.21 | I91: 5.72 | J91: =I91-F91 -> 0.17 | K91: 50 | L91: 2.0825 | M91: =AVERAGE(J91:J94) -> 0.11 | N91: 60.393056 | O91: =VLOOKUP(B91,'Dry Sieve'!$B$2:$K$992,IF(C91="#5",2,IF(C91="#10",3,IF(C91="#18",4,IF(C91="#35",5,IF(C91="#60",6,IF(C91="#120",7,IF(C91="#200",8,IF(C91="<200",9)))))))),FALSE) -> 10.86 | P91: =SUMIFS(J:J,B:B,B91,C:C,C91)/COUNTIFS(B:B,B91,C:C,C91) -> 0.11 | Q91: =SUMIFS(E:E,B:B,B91,C:C,C91)/COUNTIFS(B:B,B91,C:C,C91) -> 2.0825 | R91: =VLOOKUP(B91,'Dry Sieve'!$B$2:$K$992,IF(C91="#5",2,IF(C91="#10",3,IF(C91="#18",4,IF(C91="#35",5,IF(C91="#60",6,IF(C91="#120",7,IF(C91="#200",8,IF(C91="<200",9)))))))),FALSE) -> 10.86 | S91: =VLOOKUP(B91,'Dry Sieve'!$B$2:$K$992,10,FALSE) -> 58.93 | T91: 0.17455222 | U91: 0.09035779 | V91: =V89 -> 0.41789596
A92: =VLOOKUP(B91,'Sample ID by Horizon'!A:B,2,FALSE) -> 42500 | B92: X11.207.C1 | C92: #10 | D92: B | E92: 2.11 | F92: 5.58 | G92: 6.94 | H92: 1.36 | I92: 5.65 | J92: =I92-F92 -> 0.07 | K92: 61.137441 | L92: =L91 -> 2.0825 | M92: =M91 -> 0.11 | N92: =N91 -> 60.393056 | O92: =VLOOKUP(B92,'Dry Sieve'!$B$2:$K$992,IF(C92="#5",2,IF(C92="#10",3,IF(C92="#18",4,IF(C92="#35",5,IF(C92="#60",6,IF(C92="#120",7,IF(C92="#200",8,IF(C92="<200",9)))))))),FALSE) -> 10.86 | P92: =SUMIFS(J:J,B:B,B92,C:C,C92)/COUNTIFS(B:B,B92,C:C,C92) -> 0.11 | Q92: =SUMIFS(E:E,B:B,B92,C:C,C92)/COUNTIFS(B:B,B92,C:C,C92) -> 2.0825 | R92: =VLOOKUP(B92,'Dry Sieve'!$B$2:$K$992,IF(C92="#5",2,IF(C92="#10",3,IF(C92="#18",4,IF(C92="#35",5,IF(C92="#60",6,IF(C92="#120",7,IF(C92="#200",8,IF(C92="<200",9)))))))),FALSE) -> 10.86 | S92: =VLOOKUP(B92,'Dry Sieve'!$B$2:$K$992,10,FALSE) -> 58.93 | T92: 0.17455222 | U92: 0.09035779 | V92: =V91 -> 0.41789596
A93: =VLOOKUP(B92,'Sample ID by Horizon'!A:B,2,FALSE) -> 42500 | B93: X11.207.C1 | C93: #10 | D93: A1 | E93: 2.07 | F93: 5.69 | G93: 6.97 | H93: 1.28 | I93: 5.77 | J93: =I93-F93 -> 0.08 | K93: 57.971014 | L93: =L91 -> 2.0825 | M93: =M91 -> 0.11 | N93: =N91 -> 60.393056 | O93: =VLOOKUP(B93,'Dry Sieve'!$B$2:$K$992,IF(C93="#5",2,IF(C93="#10",3,IF(C93="#18",4,IF(C93="#35",5,IF(C93="#60",6,IF(C93="#120",7,IF(C93="#200",8,IF(C93="<200",9)))))))),FALSE) -> 10.86 | P93: =SUMIFS(J:J,B:B,B93,C:C,C93)/COUNTIFS(B:B,B93,C:C,C93) -> 0.11 | Q93: =SUMIFS(E:E,B:B,B93,C:C,C93)/COUNTIFS(B:B,B93,C:C,C93) -> 2.0825 | R93: =VLOOKUP(B93,'Dry Sieve'!$B$2:$K$992,IF(C93="#5",2,IF(C93="#10",3,IF(C93="#18",4,IF(C93="#35",5,IF(C93="#60",6,IF(C93="#120",7,IF(C93="#200",8,IF(C93="<200",9)))))))),FALSE) -> 10.86 | S93: =VLOOKUP(B93,'Dry Sieve'!$B$2:$K$992,10,FALSE) -> 58.93 | T93: 0.17455222 | U93: 0.09035779 | V93: =V91 -> 0.41789596
A94: =VLOOKUP(B93,'Sample ID by Horizon'!A:B,2,FALSE) -> 42500 | B94: X11.207.C1 | C94: #10 | D94: B1 | E94: 2.07 | F94: 5.69 | G94: 7.31 | H94: 1.62 | I94: 5.81 | J94: =I94-F94 -> 0.12 | K94: 72.463768 | L94: =L91 -> 2.0825 | M94: =M91 -> 0.11 | N94: =N91 -> 60.393056 | O94: =VLOOKUP(B94,'Dry Sieve'!$B$2:$K$992,IF(C94="#5",2,IF(C94="#10",3,IF(C94="#18",4,IF(C94="#35",5,IF(C94="#60",6,IF(C94="#120",7,IF(C94="#200",8,IF(C94="<200",9)))))))),FALSE) -> 10.86 | P94: =SUMIFS(J:J,B:B,B94,C:C,C94)/COUNTIFS(B:B,B94,C:C,C94) -> 0.11 | Q94: =SUMIFS(E:E,B:B,B94,C:C,C94)/COUNTIFS(B:B,B94,C:C,C94) -> 2.0825 | R94: =VLOOKUP(B94,'Dry Sieve'!$B$2:$K$992,IF(C94="#5",2,IF(C94="#10",3,IF(C94="#18",4,IF(C94="#35",5,IF(C94="#60",6,IF(C94="#120",7,IF(C94="#200",8,IF(C94="<200",9)))))))),FALSE) -> 10.86 | S94: =VLOOKUP(B94,'Dry Sieve'!$B$2:$K$992,10,FALSE) -> 58.93 | T94: 0.17455222 | U94: 0.09035779 | V94: =V93 -> 0.41789596
A95: =VLOOKUP(B94,'Sample ID by Horizon'!A:B,2,FALSE) -> 42500 | B95: X11.207.C1 | C95: #18 | D95: A | J95: =I95-F95 -> 0 | L95: 1.5033333 | M95: =AVERAGE(J95:J98) -> 0.2325 | N95: 57.421634 | O95: =VLOOKUP(B95,'Dry Sieve'!$B$2:$K$992,IF(C95="#5",2,IF(C95="#10",3,IF(C95="#18",4,IF(C95="#35",5,IF(C95="#60",6,IF(C95="#120",7,IF(C95="#200",8,IF(C95="<200",9)))))))),FALSE) -> 6.75 | P95: =SUMIFS(J:J,B:B,B95,C:C,C95)/COUNTIFS(B:B,B95,C:C,C95) -> 0.2325 | Q95: =SUMIFS(E:E,B:B,B95,C:C,C95)/COUNTIFS(B:B,B95,C:C,C95) -> 1.1275 | R95: =VLOOKUP(B95,'Dry Sieve'!$B$2:$K$992,IF(C95="#5",2,IF(C95="#10",3,IF(C95="#18",4,IF(C95="#35",5,IF(C95="#60",6,IF(C95="#120",7,IF(C95="#200",8,IF(C95="<200",9)))))))),FALSE) -> 6.75 | S95: =VLOOKUP(B95,'Dry Sieve'!$B$2:$K$992,10,FALSE) -> 58.93 | T95: 0.090923012 | U95: 0.037292485 | V95: =V93 -> 0.41789596
A96: =VLOOKUP(B95,'Sample ID by Horizon'!A:B,2,FALSE) -> 42500 | B96: X11.207.C1 | C96: #18 | D96: B | E96: 1.5 | F96: 5.84 | G96: 6.94 | H96: 1.1 | I96: 6.28 | J96: =I96-F96 -> 0.44 | K96: 44 | L96: =L95 -> 1.5033333 | M96: =M95 -> 0.2325 | N96: =N95 -> 57.421634 | O96: =VLOOKUP(B96,'Dry Sieve'!$B$2:$K$992,IF(C96="#5",2,IF(C96="#10",3,IF(C96="#18",4,IF(C96="#35",5,IF(C96="#60",6,IF(C96="#120",7,IF(C96="#200",8,IF(C96="<200",9)))))))),FALSE) -> 6.75 | P96: =SUMIFS(J:J,B:B,B96,C:C,C96)/COUNTIFS(B:B,B96,C:C,C96) -> 0.2325 | Q96: =SUMIFS(E:E,B:B,B96,C:C,C96)/COUNTIFS(B:B,B96,C:C,C96) -> 1.1275 | R96: =VLOOKUP(B96,'Dry Sieve'!$B$2:$K$992,IF(C96="#5",2,IF(C96="#10",3,IF(C96="#18",4,IF(C96="#35",5,IF(C96="#60",6,IF(C96="#120",7,IF(C96="#200",8,IF(C96="<200",9)))))))),FALSE) -> 6.75 | S96: =VLOOKUP(B96,'Dry Sieve'!$B$2:$K$992,10,FALSE) -> 58.93 | T96: 0.090923012 | U96: 0.037292485 | V96: =V95 -> 0.41789596
A97: =VLOOKUP(B96,'Sample ID by Horizon'!A:B,2,FALSE) -> 42500 | B97: X11.207.C1 | C97: #18 | D97: A1 | E97: 1.5 | F97: 5.53 | G97: 6.78 | H97: 1.25 | I97: 5.76 | J97: =I97-F97 -> 0.23 | K97: 68 | L97: =L95 -> 1.5033333 | M97: =M95 -> 0.2325 | N97: =N95 -> 57.421634 | O97: =VLOOKUP(B97,'Dry Sieve'!$B$2:$K$992,IF(C97="#5",2,IF(C97="#10",3,IF(C97="#18",4,IF(C97="#35",5,IF(C97="#60",6,IF(C97="#120",7,IF(C97="#200",8,IF(C97="<200",9)))))))),FALSE) -> 6.75 | P97: =SUMIFS(J:J,B:B,B97,C:C,C97)/COUNTIFS(B:B,B97,C:C,C97) -> 0.2325 | Q97: =SUMIFS(E:E,B:B,B97,C:C,C97)/COUNTIFS(B:B,B97,C:C,C97) -> 1.1275 | R97: =VLOOKUP(B97,'Dry Sieve'!$B$2:$K$992,IF(C97="#5",2,IF(C97="#10",3,IF(C97="#18",4,IF(C97="#35",5,IF(C97="#60",6,IF(C97="#120",7,IF(C97="#200",8,IF(C97="<200",9)))))))),FALSE) -> 6.75 | S97: =VLOOKUP(B97,'Dry Sieve'!$B$2:$K$992,10,FALSE) -> 58.93 | T97: 0.090923012 | U97: 0.037292485 | V97: =V95 -> 0.41789596
A98: =VLOOKUP(B97,'Sample ID by Horizon'!A:B,2,FALSE) -> 42500 | B98: X11.207.C1 | C98: #18 | D98: B1 | E98: 1.51 | F98: 5.59 | G98: 6.76 | H98: 1.17 | I98: 5.85 | J98: =I98-F98 -> 0.26 | K98: 60.264901 | L98: =L95 -> 1.5033333 | M98: =M95 -> 0.2325 | N98: =N95 -> 57.421634 | O98: =VLOOKUP(B98,'Dry Sieve'!$B$2:$K$992,IF(C98="#5",2,IF(C98="#10",3,IF(C98="#18",4,IF(C98="#35",5,IF(C98="#60",6,IF(C98="#120",7,IF(C98="#200",8,IF(C98="<200",9)))))))),FALSE) -> 6.75 | P98: =SUMIFS(J:J,B:B,B98,C:C,C98)/COUNTIFS(B:B,B98,C:C,C98) -> 0.2325 | Q98: =SUMIFS(E:E,B:B,B98,C:C,C98)/COUNTIFS(B:B,B98,C:C,C98) -> 1.1275 | R98: =VLOOKUP(B98,'Dry Sieve'!$B$2:$K$992,IF(C98="#5",2,IF(C98="#10",3,IF(C98="#18",4,IF(C98="#35",5,IF(C98="#60",6,IF(C98="#120",7,IF(C98="#200",8,IF(C98="<200",9)))))))),FALSE) -> 6.75 | S98: =VLOOKUP(B98,'Dry Sieve'!$B$2:$K$992,10,FALSE) -> 58.93 | T98: 0.090923012 | U98: 0.037292485 | V98: =V97 -> 0.41789596
A99: =VLOOKUP(B98,'Sample ID by Horizon'!A:B,2,FALSE) -> 42500 | B99: X11.207.C1 | C99: #35 | D99: A | E99: 1.01 | F99: 5.66 | G99: 6.56 | H99: 0.9 | I99: 6.15 | J99: =I99-F99 -> 0.49 | K99: 40.594059 | L99: 1.025 | M99: =AVERAGE(J99:J102) -> 0.4525 | N99: 45.397233 | O99: =VLOOKUP(B99,'Dry Sieve'!$B$2:$K$992,IF(C99="#5",2,IF(C99="#10",3,IF(C99="#18",4,IF(C99="#35",5,IF(C99="#60",6,IF(C99="#120",7,IF(C99="#200",8,IF(C99="<200",9)))))))),FALSE) -> 5.09 | P99: =SUMIFS(J:J,B:B,B99,C:C,C99)/COUNTIFS(B:B,B99,C:C,C99) -> 0.4525 | Q99: =SUMIFS(E:E,B:B,B99,C:C,C99)/COUNTIFS(B:B,B99,C:C,C99) -> 1.025 | R99: =VLOOKUP(B99,'Dry Sieve'!$B$2:$K$992,IF(C99="#5",2,IF(C99="#10",3,IF(C99="#18",4,IF(C99="#35",5,IF(C99="#60",6,IF(C99="#120",7,IF(C99="#200",8,IF(C99="<200",9)))))))),FALSE) -> 5.09 | S99: =VLOOKUP(B99,'Dry Sieve'!$B$2:$K$992,10,FALSE) -> 58.93 | T99: 0.048242851 | U99: 0.012514811 | V99: =V97 -> 0.41789596
A100: =VLOOKUP(B99,'Sample ID by Horizon'!A:B,2,FALSE) -> 42500 | B100: X11.207.C1 | C100: #35 | D100: B | E100: 1 | F100: 5.69 | G100: 6.57 | H100: 0.88 | I100: 6.08 | J100: =I100-F100 -> 0.39 | K100: 49 | L100: =L99 -> 1.025 | M100: =M99 -> 0.4525 | N100: =N99 -> 45.397233 | O100: =VLOOKUP(B100,'Dry Sieve'!$B$2:$K$992,IF(C100="#5",2,IF(C100="#10",3,IF(C100="#18",4,IF(C100="#35",5,IF(C100="#60",6,IF(C100="#120",7,IF(C100="#200",8,IF(C100="<200",9)))))))),FALSE) -> 5.09 | P100: =SUMIFS(J:J,B:B,B100,C:C,C100)/COUNTIFS(B:B,B100,C:C,C100) -> 0.4525 | Q100: =SUMIFS(E:E,B:B,B100,C:C,C100)/COUNTIFS(B:B,B100,C:C,C100) -> 1.025 | R100: =VLOOKUP(B100,'Dry Sieve'!$B$2:$K$992,IF(C100="#5",2,IF(C100="#10",3,IF(C100="#18",4,IF(C100="#35",5,IF(C100="#60",6,IF(C100="#120",7,IF(C100="#200",8,IF(C100="<200",9)))))))),FALSE) -> 5.09 | S100: =VLOOKUP(B100,'Dry Sieve'!$B$2:$K$992,10,FALSE) -> 58.93 | T100: 0.048242851 | U100: 0.012514811 | V100: =V99 -> 0.41789596
...

Sheet Loss on Ignition
B1: Sample ID (Shared Identifier) | C1: LOI Sample | D1: Crucible Weight | E1: Initial Soil Weight | F1: Weight After LOI | G1: Final Soil | H1: % Organic Matter (Sample) | I1: Mean Organic Matter % | J1: % Carbon | K1: Kg carbon/ha | L1: lbs carbon/acre | M1: %Carbon (%OM) | N1: Carbon kg/ha (%OM) | O1: Carbon lbs/ac (%OM) | P1: Carbon tons/ac (%OM) | Q1: %Carbon (%C) non-acid | R1: Carbon kg/ha (%C) non-acid | S1: Carbon lbs/ac (%C) non-acid | T1: Carbon tons/ac (%C) non-acid | U1: %Carbon (%C) acid | V1: Carbon kg/ha (%C) acid | W1: Carbon lbs/ac (%C) acid | X1: Carbon tons/ac (%C) acid
A2: =VLOOKUP(B2,'Sample ID by Horizon'!A:B,2,FALSE) -> 42236 | B2: X11.48.H1 | C2: 1 | D2: 63.069 | E2: 5 | F2: 67.859 | G2: =F2-D2 -> 4.79 | H2: =IFERROR((E2-G2)/E2*100,"") -> 4.2 | I2: =SUMIF(B:B,B2,H:H)/COUNTIF(B:B,B2) -> 4.1598061 | J2: =I2*0.48 -> 1.9967069 | K2: =M2/100*VLOOKUP(B2,'Bulk Density'!$D:$Q,14,FALSE) -> #N/A | L2: =K2*0.892179122 -> #N/A | M2: =VLOOKUP(B2,'%C values'!$B:$J,5,FALSE) -> #N/A | N2: =VLOOKUP(B2,'%C values'!$B:$J,9,FALSE) -> #N/A | O2: =N2*0.892179122 -> #N/A | P2: =N2* 1.10231*0.404686*0.001 -> #N/A | Q2: =VLOOKUP($B2,'%C values'!$M:$O,2,FALSE) -> #N/A | R2: =T2/(1.10231*0.404686*0.001) -> #N/A | S2: =R2*0.892179122 -> #N/A | T2: =VLOOKUP($B2,'%C values'!$M:$O,3,FALSE) -> #N/A | U2: =VLOOKUP($B2,'%C values'!$T:$U,2,FALSE) -> #N/A | V2: =X2/(1.10231*0.404686*0.001) -> #N/A | W2: =V2*0.892179122 -> #N/A | X2: =VLOOKUP($B2,'%C values'!$T:$V,3,FALSE) -> #N/A
A3: =VLOOKUP(B3,'Sample ID by Horizon'!A:B,2,FALSE) -> 42236 | B3: X11.48.H1 | C3: 2 | D3: 64.469 | E3: 4.999 | F3: 69.254 | G3: =F3-D3 -> 4.785 | H3: =IFERROR((E3-G3)/E3*100,"") -> 4.2808562 | I3: =I2 -> 4.1598061 | J3: =J2 -> 1.9967069 | K3: =K2 -> #N/A | L3: =L2 -> #N/A | M3: =VLOOKUP(B3,'%C values'!$B:$J,5,FALSE) -> #N/A | N3: =VLOOKUP(B3,'%C values'!$B:$J,9,FALSE) -> #N/A | O3: =N3*0.892179122 -> #N/A | P3: =N3* 1.10231*0.404686*0.001 -> #N/A | Q3: =VLOOKUP($B3,'%C values'!$M:$O,2,FALSE) -> #N/A | R3: =T3/(1.10231*0.404686*0.001) -> #N/A | S3: =R3*0.892179122 -> #N/A | T3: =VLOOKUP($B3,'%C values'!$M:$O,3,FALSE) -> #N/A | U3: =VLOOKUP(B3,'%C values'!T:U,2,FALSE) -> #N/A | V3: =X3/(1.10231*0.404686*0.001) -> #N/A | W3: =V3*0.892179122 -> #N/A | X3: =VLOOKUP($B3,'%C values'!$T:$V,3,FALSE) -> #N/A
A4: =VLOOKUP(B4,'Sample ID by Horizon'!A:B,2,FALSE) -> 42236 | B4: X11.48.H1 | C4: 3 | D4: 65.732 | E4: 5.001 | F4: 70.532 | G4: =F4-D4 -> 4.8 | H4: =IFERROR((E4-G4)/E4*100,"") -> 4.0191962 | I4: =I2 -> 4.1598061 | J4: =J2 -> 1.9967069 | K4: =K2 -> #N/A | L4: =L2 -> #N/A | M4: =VLOOKUP(B4,'%C values'!$B:$J,5,FALSE) -> #N/A | N4: =VLOOKUP(B4,'%C values'!$B:$J,9,FALSE) -> #N/A | O4: =N4*0.892179122 -> #N/A | P4: =N4* 1.10231*0.404686*0.001 -> #N/A | Q4: =VLOOKUP($B4,'%C values'!$M:$O,2,FALSE) -> #N/A | R4: =T4/(1.10231*0.404686*0.001) -> #N/A | S4: =R4*0.892179122 -> #N/A | T4: =VLOOKUP($B4,'%C values'!$M:$O,3,FALSE) -> #N/A | U4: =VLOOKUP(B4,'%C values'!T:U,2,FALSE) -> #N/A | V4: =X4/(1.10231*0.404686*0.001) -> #N/A | W4: =V4*0.892179122 -> #N/A | X4: =VLOOKUP($B4,'%C values'!$T:$V,3,FALSE) -> #N/A
A5: =VLOOKUP(B5,'Sample ID by Horizon'!A:B,2,FALSE) -> 42236 | B5: X11.48.H1 | C5: 4 | D5: 69.41 | E5: 5.001 | F5: 74.204 | G5: =F5-D5 -> 4.794 | H5: =IFERROR((E5-G5)/E5*100,"") -> 4.1391722 | I5: =I2 -> 4.1598061 | J5: =J2 -> 1.9967069 | K5: =K2 -> #N/A | L5: =L2 -> #N/A | M5: =VLOOKUP(B5,'%C values'!$B:$J,5,FALSE) -> #N/A | N5: =VLOOKUP(B5,'%C values'!$B:$J,9,FALSE) -> #N/A | O5: =N5*0.892179122 -> #N/A | P5: =N5* 1.10231*0.404686*0.001 -> #N/A | Q5: =VLOOKUP($B5,'%C values'!$M:$O,2,FALSE) -> #N/A | R5: =T5/(1.10231*0.404686*0.001) -> #N/A | S5: =R5*0.892179122 -> #N/A | T5: =VLOOKUP($B5,'%C values'!$M:$O,3,FALSE) -> #N/A | U5: =VLOOKUP(B5,'%C values'!T:U,2,FALSE) -> #N/A | V5: =X5/(1.10231*0.404686*0.001) -> #N/A | W5: =V5*0.892179122 -> #N/A | X5: =VLOOKUP($B5,'%C values'!$T:$V,3,FALSE) -> #N/A
A6: =VLOOKUP(B6,'Sample ID by Horizon'!A:B,2,FALSE) -> 42236 | B6: X11.48.H2 | C6: 1 | D6: 63.068 | E6: 5 | F6: 67.901 | G6: =F6-D6 -> 4.833 | H6: =IFERROR((E6-G6)/E6*100,"") -> 3.34 | I6: =AVERAGE(H6:H9) -> 3.170171 | J6: =I6*0.48 -> 1.5216821 | K6: =M6/100*VLOOKUP(B6,'Bulk Density'!$D:$Q,14,FALSE) -> #N/A | L6: =K6*0.892179122 -> #N/A | M6: =VLOOKUP(B6,'%C values'!$B:$J,5,FALSE) -> #N/A | N6: =VLOOKUP(B6,'%C values'!$B:$J,9,FALSE) -> #N/A | O6: =N6*0.892179122 -> #N/A | P6: =N6* 1.10231*0.404686*0.001 -> #N/A | Q6: =VLOOKUP($B6,'%C values'!$M:$O,2,FALSE) -> #N/A | R6: =T6/(1.10231*0.404686*0.001) -> #N/A | S6: =R6*0.892179122 -> #N/A | T6: =VLOOKUP($B6,'%C values'!$M:$O,3,FALSE) -> #N/A | U6: =VLOOKUP(B6,'%C values'!T:U,2,FALSE) -> #N/A | V6: =X6/(1.10231*0.404686*0.001) -> #N/A | W6: =V6*0.892179122 -> #N/A | X6: =VLOOKUP($B6,'%C values'!$T:$V,3,FALSE) -> #N/A
A7: =VLOOKUP(B7,'Sample ID by Horizon'!A:B,2,FALSE) -> 42236 | B7: X11.48.H2 | C7: 2 | D7: 64.468 | E7: 4.999 | F7: 69.296 | G7: =F7-D7 -> 4.828 | H7: =IFERROR((E7-G7)/E7*100,"") -> 3.4206841 | I7: =I6 -> 3.170171 | J7: =J6 -> 1.5216821 | K7: =K6 -> #N/A | L7: =L6 -> #N/A | M7: =VLOOKUP(B7,'%C values'!$B:$J,5,FALSE) -> #N/A | N7: =VLOOKUP(B7,'%C values'!$B:$J,9,FALSE) -> #N/A | O7: =N7*0.892179122 -> #N/A | P7: =N7* 1.10231*0.404686*0.001 -> #N/A | Q7: =VLOOKUP($B7,'%C values'!$M:$O,2,FALSE) -> #N/A | R7: =T7/(1.10231*0.404686*0.001) -> #N/A | S7: =R7*0.892179122 -> #N/A | T7: =VLOOKUP($B7,'%C values'!$M:$O,3,FALSE) -> #N/A | U7: =VLOOKUP(B7,'%C values'!T:U,2,FALSE) -> #N/A | V7: =X7/(1.10231*0.404686*0.001) -> #N/A | W7: =V7*0.892179122 -> #N/A | X7: =VLOOKUP($B7,'%C values'!$T:$V,3,FALSE) -> #N/A
A8: =VLOOKUP(B8,'Sample ID by Horizon'!A:B,2,FALSE) -> 42236 | B8: X11.48.H2 | C8: 3 | D8: 65.733 | E8: 5 | F8: 70.586 | G8: =F8-D8 -> 4.853 | H8: =IFERROR((E8-G8)/E8*100,"") -> 2.94 | I8: =I6 -> 3.170171 | J8: =J6 -> 1.5216821 | K8: =K6 -> #N/A | L8: =L6 -> #N/A | M8: =VLOOKUP(B8,'%C values'!$B:$J,5,FALSE) -> #N/A | N8: =VLOOKUP(B8,'%C values'!$B:$J,9,FALSE) -> #N/A | O8: =N8*0.892179122 -> #N/A | P8: =N8* 1.10231*0.404686*0.001 -> #N/A | Q8: =VLOOKUP($B8,'%C values'!$M:$O,2,FALSE) -> #N/A | R8: =T8/(1.10231*0.404686*0.001) -> #N/A | S8: =R8*0.892179122 -> #N/A | T8: =VLOOKUP($B8,'%C values'!$M:$O,3,FALSE) -> #N/A | U8: =VLOOKUP(B8,'%C values'!T:U,2,FALSE) -> #N/A | V8: =X8/(1.10231*0.404686*0.001) -> #N/A | W8: =V8*0.892179122 -> #N/A | X8: =VLOOKUP($B8,'%C values'!$T:$V,3,FALSE) -> #N/A
A9: =VLOOKUP(B9,'Sample ID by Horizon'!A:B,2,FALSE) -> 42236 | B9: X11.48.H2 | C9: 4 | D9: 69.41 | E9: 5 | F9: 74.261 | G9: =F9-D9 -> 4.851 | H9: =IFERROR((E9-G9)/E9*100,"") -> 2.98 | I9: =I6 -> 3.170171 | J9: =J6 -> 1.5216821 | K9: =K6 -> #N/A | L9: =L6 -> #N/A | M9: =VLOOKUP(B9,'%C values'!$B:$J,5,FALSE) -> #N/A | N9: =VLOOKUP(B9,'%C values'!$B:$J,9,FALSE) -> #N/A | O9: =N9*0.892179122 -> #N/A | P9: =N9* 1.10231*0.404686*0.001 -> #N/A | Q9: =VLOOKUP($B9,'%C values'!$M:$O,2,FALSE) -> #N/A | R9: =T9/(1.10231*0.404686*0.001) -> #N/A | S9: =R9*0.892179122 -> #N/A | T9: =VLOOKUP($B9,'%C values'!$M:$O,3,FALSE) -> #N/A | U9: =VLOOKUP(B9,'%C values'!T:U,2,FALSE) -> #N/A | V9: =X9/(1.10231*0.404686*0.001) -> #N/A | W9: =V9*0.892179122 -> #N/A | X9: =VLOOKUP($B9,'%C values'!$T:$V,3,FALSE) -> #N/A
A10: =VLOOKUP(B10,'Sample ID by Horizon'!A:B,2,FALSE) -> 42247 | B10: X11.57.H1 | C10: 1 | D10: 63.067 | E10: 5.003 | F10: 67.926 | G10: =F10-D10 -> 4.859 | H10: =IFERROR((E10-G10)/E10*100,"") -> 2.878273 | I10: =AVERAGE(H10:H13) -> 2.9100063 | J10: =I10*0.48 -> 1.396803 | K10: =M10/100*VLOOKUP(B10,'Bulk Density'!$D:$Q,14,FALSE) -> #N/A | L10: =K10*0.892179122 -> #N/A | M10: =VLOOKUP(B10,'%C values'!$B:$J,5,FALSE) -> #N/A | N10: =VLOOKUP(B10,'%C values'!$B:$J,9,FALSE) -> #N/A | O10: =N10*0.892179122 -> #N/A | P10: =N10* 1.10231*0.404686*0.001 -> #N/A | Q10: =VLOOKUP($B10,'%C values'!$M:$O,2,FALSE) -> #N/A | R10: =T10/(1.10231*0.404686*0.001) -> #N/A | S10: =R10*0.892179122 -> #N/A | T10: =VLOOKUP($B10,'%C values'!$M:$O,3,FALSE) -> #N/A | U10: =VLOOKUP(B10,'%C values'!T:U,2,FALSE) -> #N/A | V10: =X10/(1.10231*0.404686*0.001) -> #N/A | W10: =V10*0.892179122 -> #N/A | X10: =VLOOKUP($B10,'%C values'!$T:$V,3,FALSE) -> #N/A
A11: =VLOOKUP(B11,'Sample ID by Horizon'!A:B,2,FALSE) -> 42247 | B11: X11.57.H1 | C11: 2 | D11: 64.468 | E11: 4.999 | F11: 69.325 | G11: =F11-D11 -> 4.857 | H11: =IFERROR((E11-G11)/E11*100,"") -> 2.8405681 | I11: =I10 -> 2.9100063 | J11: =J10 -> 1.396803 | K11: =K10 -> #N/A | L11: =L10 -> #N/A | M11: =VLOOKUP(B11,'%C values'!$B:$J,5,FALSE) -> #N/A | N11: =VLOOKUP(B11,'%C values'!$B:$J,9,FALSE) -> #N/A | O11: =N11*0.892179122 -> #N/A | P11: =N11* 1.10231*0.404686*0.001 -> #N/A | Q11: =VLOOKUP($B11,'%C values'!$M:$O,2,FALSE) -> #N/A | R11: =T11/(1.10231*0.404686*0.001) -> #N/A | S11: =R11*0.892179122 -> #N/A | T11: =VLOOKUP($B11,'%C values'!$M:$O,3,FALSE) -> #N/A | U11: =VLOOKUP(B11,'%C values'!T:U,2,FALSE) -> #N/A | V11: =X11/(1.10231*0.404686*0.001) -> #N/A | W11: =V11*0.892179122 -> #N/A | X11: =VLOOKUP($B11,'%C values'!$T:$V,3,FALSE) -> #N/A
A12: =VLOOKUP(B12,'Sample ID by Horizon'!A:B,2,FALSE) -> 42247 | B12: X11.57.H1 | C12: 3 | D12: 63.067 | E12: 4.999 | F12: 67.921 | G12: =F12-D12 -> 4.854 | H12: =IFERROR((E12-G12)/E12*100,"") -> 2.9005801 | I12: =I10 -> 2.9100063 | J12: =J10 -> 1.396803 | K12: =K10 -> #N/A | L12: =L10 -> #N/A | M12: =VLOOKUP(B12,'%C values'!$B:$J,5,FALSE) -> #N/A | N12: =VLOOKUP(B12,'%C values'!$B:$J,9,FALSE) -> #N/A | O12: =N12*0.892179122 -> #N/A | P12: =N12* 1.10231*0.404686*0.001 -> #N/A | Q12: =VLOOKUP($B12,'%C values'!$M:$O,2,FALSE) -> #N/A | R12: =T12/(1.10231*0.404686*0.001) -> #N/A | S12: =R12*0.892179122 -> #N/A | T12: =VLOOKUP($B12,'%C values'!$M:$O,3,FALSE) -> #N/A | U12: =VLOOKUP(B12,'%C values'!T:U,2,FALSE) -> #N/A | V12: =X12/(1.10231*0.404686*0.001) -> #N/A | W12: =V12*0.892179122 -> #N/A | X12: =VLOOKUP($B12,'%C values'!$T:$V,3,FALSE) -> #N/A
A13: =VLOOKUP(B13,'Sample ID by Horizon'!A:B,2,FALSE) -> 42247 | B13: X11.57.H1 | C13: 4 | D13: 64.468 | E13: 4.999 | F13: 69.316 | G13: =F13-D13 -> 4.848 | H13: =IFERROR((E13-G13)/E13*100,"") -> 3.0206041 | I13: =I10 -> 2.9100063 | J13: =J10 -> 1.396803 | K13: =K10 -> #N/A | L13: =L10 -> #N/A | M13: =VLOOKUP(B13,'%C values'!$B:$J,5,FALSE) -> #N/A | N13: =VLOOKUP(B13,'%C values'!$B:$J,9,FALSE) -> #N/A | O13: =N13*0.892179122 -> #N/A | P13: =N13* 1.10231*0.404686*0.001 -> #N/A | Q13: =VLOOKUP($B13,'%C values'!$M:$O,2,FALSE) -> #N/A | R13: =T13/(1.10231*0.404686*0.001) -> #N/A | S13: =R13*0.892179122 -> #N/A | T13: =VLOOKUP($B13,'%C values'!$M:$O,3,FALSE) -> #N/A | U13: =VLOOKUP(B13,'%C values'!T:U,2,FALSE) -> #N/A | V13: =X13/(1.10231*0.404686*0.001) -> #N/A | W13: =V13*0.892179122 -> #N/A | X13: =VLOOKUP($B13,'%C values'!$T:$V,3,FALSE) -> #N/A
A14: =VLOOKUP(B14,'Sample ID by Horizon'!A:B,2,FALSE) -> 42247 | B14: X11.57.H2 | C14: 1 | D14: 63.065 | E14: 5 | F14: 67.991 | G14: =F14-D14 -> 4.926 | H14: =IFERROR((E14-G14)/E14*100,"") -> 1.48 | I14: =AVERAGE(H14:H17) -> 1.750103 | J14: =I14*0.48 -> 0.84004945 | K14: =M14/100*VLOOKUP(B14,'Bulk Density'!$D:$Q,14,FALSE) -> #N/A | L14: =K14*0.892179122 -> #N/A | M14: =VLOOKUP(B14,'%C values'!$B:$J,5,FALSE) -> #N/A | N14: =VLOOKUP(B14,'%C values'!$B:$J,9,FALSE) -> #N/A | O14: =N14*0.892179122 -> #N/A | P14: =N14* 1.10231*0.404686*0.001 -> #N/A | Q14: =VLOOKUP($B14,'%C values'!$M:$O,2,FALSE) -> #N/A | R14: =T14/(1.10231*0.404686*0.001) -> #N/A | S14: =R14*0.892179122 -> #N/A | T14: =VLOOKUP($B14,'%C values'!$M:$O,3,FALSE) -> #N/A | U14: =VLOOKUP(B14,'%C values'!T:U,2,FALSE) -> #N/A | V14: =X14/(1.10231*0.404686*0.001) -> #N/A | W14: =V14*0.892179122 -> #N/A | X14: =VLOOKUP($B14,'%C values'!$T:$V,3,FALSE) -> #N/A
A15: =VLOOKUP(B15,'Sample ID by Horizon'!A:B,2,FALSE) -> 42247 | B15: X11.57.H2 | C15: 2 | D15: 64.466 | E15: 5 | F15: 69.388 | G15: =F15-D15 -> 4.922 | H15: =IFERROR((E15-G15)/E15*100,"") -> 1.56 | I15: =I14 -> 1.750103 | J15: =J14 -> 0.84004945 | K15: =K14 -> #N/A | L15: =L14 -> #N/A | M15: =VLOOKUP(B15,'%C values'!$B:$J,5,FALSE) -> #N/A | N15: =VLOOKUP(B15,'%C values'!$B:$J,9,FALSE) -> #N/A | O15: =N15*0.892179122 -> #N/A | P15: =N15* 1.10231*0.404686*0.001 -> #N/A | Q15: =VLOOKUP($B15,'%C values'!$M:$O,2,FALSE) -> #N/A | R15: =T15/(1.10231*0.404686*0.001) -> #N/A | S15: =R15*0.892179122 -> #N/A | T15: =VLOOKUP($B15,'%C values'!$M:$O,3,FALSE) -> #N/A | U15: =VLOOKUP(B15,'%C values'!T:U,2,FALSE) -> #N/A | V15: =X15/(1.10231*0.404686*0.001) -> #N/A | W15: =V15*0.892179122 -> #N/A | X15: =VLOOKUP($B15,'%C values'!$T:$V,3,FALSE) -> #N/A
A16: =VLOOKUP(B16,'Sample ID by Horizon'!A:B,2,FALSE) -> 42247 | B16: X11.57.H2 | C16: 3 | D16: 63.065 | E16: 4.999 | F16: 67.961 | G16: =F16-D16 -> 4.896 | H16: =IFERROR((E16-G16)/E16*100,"") -> 2.0604121 | I16: =I14 -> 1.750103 | J16: =J14 -> 0.84004945 | K16: =K14 -> #N/A | L16: =L14 -> #N/A | M16: =VLOOKUP(B16,'%C values'!$B:$J,5,FALSE) -> #N/A | N16: =VLOOKUP(B16,'%C values'!$B:$J,9,FALSE) -> #N/A | O16: =N16*0.892179122 -> #N/A | P16: =N16* 1.10231*0.404686*0.001 -> #N/A | Q16: =VLOOKUP($B16,'%C values'!$M:$O,2,FALSE) -> #N/A | R16: =T16/(1.10231*0.404686*0.001) -> #N/A | S16: =R16*0.892179122 -> #N/A | T16: =VLOOKUP($B16,'%C values'!$M:$O,3,FALSE) -> #N/A | U16: =VLOOKUP(B16,'%C values'!T:U,2,FALSE) -> #N/A | V16: =X16/(1.10231*0.404686*0.001) -> #N/A | W16: =V16*0.892179122 -> #N/A | X16: =VLOOKUP($B16,'%C values'!$T:$V,3,FALSE) -> #N/A
A17: =VLOOKUP(B17,'Sample ID by Horizon'!A:B,2,FALSE) -> 42247 | B17: X11.57.H2 | C17: 4 | D17: 64.466 | E17: 5 | F17: 69.371 | G17: =F17-D17 -> 4.905 | H17: =IFERROR((E17-G17)/E17*100,"") -> 1.9 | I17: =I14 -> 1.750103 | J17: =J14 -> 0.84004945 | K17: =K14 -> #N/A | L17: =L14 -> #N/A | M17: =VLOOKUP(B17,'%C values'!$B:$J,5,FALSE) -> #N/A | N17: =VLOOKUP(B17,'%C values'!$B:$J,9,FALSE) -> #N/A | O17: =N17*0.892179122 -> #N/A | P17: =N17* 1.10231*0.404686*0.001 -> #N/A | Q17: =VLOOKUP($B17,'%C values'!$M:$O,2,FALSE) -> #N/A | R17: =T17/(1.10231*0.404686*0.001) -> #N/A | S17: =R17*0.892179122 -> #N/A | T17: =VLOOKUP($B17,'%C values'!$M:$O,3,FALSE) -> #N/A | U17: =VLOOKUP(B17,'%C values'!T:U,2,FALSE) -> #N/A | V17: =X17/(1.10231*0.404686*0.001) -> #N/A | W17: =V17*0.892179122 -> #N/A | X17: =VLOOKUP($B17,'%C values'!$T:$V,3,FALSE) -> #N/A
A18: =VLOOKUP(B18,'Sample ID by Horizon'!A:B,2,FALSE) -> 42271 | B18: X11.64.H1 | C18: 1 | D18: 63.063 | E18: 5 | F18: 67.873 | G18: =F18-D18 -> 4.81 | H18: =IFERROR((E18-G18)/E18*100,"") -> 3.8 | I18: =AVERAGE(H18:H21) -> 3.715187 | J18: =I18*0.48 -> 1.7832898 | K18: =M18/100*VLOOKUP(B18,'Bulk Density'!$D:$Q,14,FALSE) -> #N/A | L18: =K18*0.892179122 -> #N/A | M18: =VLOOKUP(B18,'%C values'!$B:$J,5,FALSE) -> #N/A | N18: =VLOOKUP(B18,'%C values'!$B:$J,9,FALSE) -> #N/A | O18: =N18*0.892179122 -> #N/A | P18: =N18* 1.10231*0.404686*0.001 -> #N/A | Q18: =VLOOKUP($B18,'%C values'!$M:$O,2,FALSE) -> #N/A | R18: =T18/(1.10231*0.404686*0.001) -> #N/A | S18: =R18*0.892179122 -> #N/A | T18: =VLOOKUP($B18,'%C values'!$M:$O,3,FALSE) -> #N/A | U18: =VLOOKUP(B18,'%C values'!T:U,2,FALSE) -> #N/A | V18: =X18/(1.10231*0.404686*0.001) -> #N/A | W18: =V18*0.892179122 -> #N/A | X18: =VLOOKUP($B18,'%C values'!$T:$V,3,FALSE) -> #N/A
A19: =VLOOKUP(B19,'Sample ID by Horizon'!A:B,2,FALSE) -> 42271 | B19: X11.64.H1 | C19: 2 | D19: 64.466 | E19: 5 | F19: 69.278 | G19: =F19-D19 -> 4.812 | H19: =IFERROR((E19-G19)/E19*100,"") -> 3.76 | I19: =I18 -> 3.715187 | J19: =J18 -> 1.7832898 | K19: =K18 -> #N/A | L19: =L18 -> #N/A | M19: =VLOOKUP(B19,'%C values'!$B:$J,5,FALSE) -> #N/A | N19: =VLOOKUP(B19,'%C values'!$B:$J,9,FALSE) -> #N/A | O19: =N19*0.892179122 -> #N/A | P19: =N19* 1.10231*0.404686*0.001 -> #N/A | Q19: =VLOOKUP($B19,'%C values'!$M:$O,2,FALSE) -> #N/A | R19: =T19/(1.10231*0.404686*0.001) -> #N/A | S19: =R19*0.892179122 -> #N/A | T19: =VLOOKUP($B19,'%C values'!$M:$O,3,FALSE) -> #N/A | U19: =VLOOKUP(B19,'%C values'!T:U,2,FALSE) -> #N/A | V19: =X19/(1.10231*0.404686*0.001) -> #N/A | W19: =V19*0.892179122 -> #N/A | X19: =VLOOKUP($B19,'%C values'!$T:$V,3,FALSE) -> #N/A
A20: =VLOOKUP(B20,'Sample ID by Horizon'!A:B,2,FALSE) -> 42271 | B20: X11.64.H1 | C20: 3 | D20: 65.734 | E20: 4.999 | F20: 70.546 | G20: =F20-D20 -> 4.812 | H20: =IFERROR((E20-G20)/E20*100,"") -> 3.7407481 | I20: =I18 -> 3.715187 | J20: =J18 -> 1.7832898 | K20: =K18 -> #N/A | L20: =L18 -> #N/A | M20: =VLOOKUP(B20,'%C values'!$B:$J,5,FALSE) -> #N/A | N20: =VLOOKUP(B20,'%C values'!$B:$J,9,FALSE) -> #N/A | O20: =N20*0.892179122 -> #N/A | P20: =N20* 1.10231*0.404686*0.001 -> #N/A | Q20: =VLOOKUP($B20,'%C values'!$M:$O,2,FALSE) -> #N/A | R20: =T20/(1.10231*0.404686*0.001) -> #N/A | S20: =R20*0.892179122 -> #N/A | T20: =VLOOKUP($B20,'%C values'!$M:$O,3,FALSE) -> #N/A | U20: =VLOOKUP(B20,'%C values'!T:U,2,FALSE) -> #N/A | V20: =X20/(1.10231*0.404686*0.001) -> #N/A | W20: =V20*0.892179122 -> #N/A | X20: =VLOOKUP($B20,'%C values'!$T:$V,3,FALSE) -> #N/A
A21: =VLOOKUP(B21,'Sample ID by Horizon'!A:B,2,FALSE) -> 42271 | B21: X11.64.H1 | C21: 4 | D21: 69.411 | E21: 5 | F21: 74.233 | G21: =F21-D21 -> 4.822 | H21: =IFERROR((E21-G21)/E21*100,"") -> 3.56 | I21: =I18 -> 3.715187 | J21: =J18 -> 1.7832898 | K21: =K18 -> #N/A | L21: =L18 -> #N/A | M21: =VLOOKUP(B21,'%C values'!$B:$J,5,FALSE) -> #N/A | N21: =VLOOKUP(B21,'%C values'!$B:$J,9,FALSE) -> #N/A | O21: =N21*0.892179122 -> #N/A | P21: =N21* 1.10231*0.404686*0.001 -> #N/A | Q21: =VLOOKUP($B21,'%C values'!$M:$O,2,FALSE) -> #N/A | R21: =T21/(1.10231*0.404686*0.001) -> #N/A | S21: =R21*0.892179122 -> #N/A | T21: =VLOOKUP($B21,'%C values'!$M:$O,3,FALSE) -> #N/A | U21: =VLOOKUP(B21,'%C values'!T:U,2,FALSE) -> #N/A | V21: =X21/(1.10231*0.404686*0.001) -> #N/A | W21: =V21*0.892179122 -> #N/A | X21: =VLOOKUP($B21,'%C values'!$T:$V,3,FALSE) -> #N/A
A22: =VLOOKUP(B22,'Sample ID by Horizon'!A:B,2,FALSE) -> 42272 | B22: X11.65.H1 | C22: 1 | D22: 63.066 | E22: 5 | F22: 67.86 | G22: =F22-D22 -> 4.794 | H22: =IFERROR((E22-G22)/E22*100,"") -> 4.12 | I22: =AVERAGE(H22:H25) -> 3.98981 | J22: =I22*0.48 -> 1.9151088 | K22: =M22/100*VLOOKUP(B22,'Bulk Density'!$D:$Q,14,FALSE) -> #N/A | L22: =K22*0.892179122 -> #N/A | M22: =VLOOKUP(B22,'%C values'!$B:$J,5,FALSE) -> #N/A | N22: =VLOOKUP(B22,'%C values'!$B:$J,9,FALSE) -> #N/A | O22: =N22*0.892179122 -> #N/A | P22: =N22* 1.10231*0.404686*0.001 -> #N/A | Q22: =VLOOKUP($B22,'%C values'!$M:$O,2,FALSE) -> #N/A | R22: =T22/(1.10231*0.404686*0.001) -> #N/A | S22: =R22*0.892179122 -> #N/A | T22: =VLOOKUP($B22,'%C values'!$M:$O,3,FALSE) -> #N/A | U22: =VLOOKUP(B22,'%C values'!T:U,2,FALSE) -> #N/A | V22: =X22/(1.10231*0.404686*0.001) -> #N/A | W22: =V22*0.892179122 -> #N/A | X22: =VLOOKUP($B22,'%C values'!$T:$V,3,FALSE) -> #N/A
A23: =VLOOKUP(B23,'Sample ID by Horizon'!A:B,2,FALSE) -> 42272 | B23: X11.65.H1 | C23: 2 | D23: 64.468 | E23: 5 | F23: 69.258 | G23: =F23-D23 -> 4.79 | H23: =IFERROR((E23-G23)/E23*100,"") -> 4.2 | I23: =I22 -> 3.98981 | J23: =J22 -> 1.9151088 | K23: =K22 -> #N/A | L23: =L22 -> #N/A | M23: =VLOOKUP(B23,'%C values'!$B:$J,5,FALSE) -> #N/A | N23: =VLOOKUP(B23,'%C values'!$B:$J,9,FALSE) -> #N/A | O23: =N23*0.892179122 -> #N/A | P23: =N23* 1.10231*0.404686*0.001 -> #N/A | Q23: =VLOOKUP($B23,'%C values'!$M:$O,2,FALSE) -> #N/A | R23: =T23/(1.10231*0.404686*0.001) -> #N/A | S23: =R23*0.892179122 -> #N/A | T23: =VLOOKUP($B23,'%C values'!$M:$O,3,FALSE) -> #N/A | U23: =VLOOKUP(B23,'%C values'!T:U,2,FALSE) -> #N/A | V23: =X23/(1.10231*0.404686*0.001) -> #N/A | W23: =V23*0.892179122 -> #N/A | X23: =VLOOKUP($B23,'%C values'!$T:$V,3,FALSE) -> #N/A
A24: =VLOOKUP(B24,'Sample ID by Horizon'!A:B,2,FALSE) -> 42272 | B24: X11.65.H1 | C24: 3 | D24: 65.734 | E24: 5.001 | F24: 70.545 | G24: =F24-D24 -> 4.811 | H24: =IFERROR((E24-G24)/E24*100,"") -> 3.7992402 | I24: =I22 -> 3.98981 | J24: =J22 -> 1.9151088 | K24: =K22 -> #N/A | L24: =L22 -> #N/A | M24: =VLOOKUP(B24,'%C values'!$B:$J,5,FALSE) -> #N/A | N24: =VLOOKUP(B24,'%C values'!$B:$J,9,FALSE) -> #N/A | O24: =N24*0.892179122 -> #N/A | P24: =N24* 1.10231*0.404686*0.001 -> #N/A | Q24: =VLOOKUP($B24,'%C values'!$M:$O,2,FALSE) -> #N/A | R24: =T24/(1.10231*0.404686*0.001) -> #N/A | S24: =R24*0.892179122 -> #N/A | T24: =VLOOKUP($B24,'%C values'!$M:$O,3,FALSE) -> #N/A | U24: =VLOOKUP(B24,'%C values'!T:U,2,FALSE) -> #N/A | V24: =X24/(1.10231*0.404686*0.001) -> #N/A | W24: =V24*0.892179122 -> #N/A | X24: =VLOOKUP($B24,'%C values'!$T:$V,3,FALSE) -> #N/A
A25: =VLOOKUP(B25,'Sample ID by Horizon'!A:B,2,FALSE) -> 42272 | B25: X11.65.H1 | C25: 4 | D25: 69.412 | E25: 5 | F25: 74.22 | G25: =F25-D25 -> 4.808 | H25: =IFERROR((E25-G25)/E25*100,"") -> 3.84 | I25: =I22 -> 3.98981 | J25: =J22 -> 1.9151088 | K25: =K22 -> #N/A | L25: =L22 -> #N/A | M25: =VLOOKUP(B25,'%C values'!$B:$J,5,FALSE) -> #N/A | N25: =VLOOKUP(B25,'%C values'!$B:$J,9,FALSE) -> #N/A | O25: =N25*0.892179122 -> #N/A | P25: =N25* 1.10231*0.404686*0.001 -> #N/A | Q25: =VLOOKUP($B25,'%C values'!$M:$O,2,FALSE) -> #N/A | R25: =T25/(1.10231*0.404686*0.001) -> #N/A | S25: =R25*0.892179122 -> #N/A | T25: =VLOOKUP($B25,'%C values'!$M:$O,3,FALSE) -> #N/A | U25: =VLOOKUP(B25,'%C values'!T:U,2,FALSE) -> #N/A | V25: =X25/(1.10231*0.404686*0.001) -> #N/A | W25: =V25*0.892179122 -> #N/A | X25: =VLOOKUP($B25,'%C values'!$T:$V,3,FALSE) -> #N/A
A26: =VLOOKUP(B26,'Sample ID by Horizon'!A:B,2,FALSE) -> 42275 | B26: X11.66.H1 | C26: 1 | D26: 63.068 | E26: 5 | F26: 67.878 | G26: 4.847 | H26: =IFERROR((E26-G26)/E26*100,"") -> 3.06 | I26: =AVERAGE(H26:H29) -> 3.230176 | J26: =I26*0.48 -> 1.5504845 | K26: =M26/100*VLOOKUP(B26,'Bulk Density'!$D:$Q,14,FALSE) -> #N/A | L26: =K26*0.892179122 -> #N/A | M26: =VLOOKUP(B26,'%C values'!$B:$J,5,FALSE) -> #N/A | N26: =VLOOKUP(B26,'%C values'!$B:$J,9,FALSE) -> #N/A | O26: =N26*0.892179122 -> #N/A | P26: =N26* 1.10231*0.404686*0.001 -> #N/A | Q26: =VLOOKUP($B26,'%C values'!$M:$O,2,FALSE) -> #N/A | R26: =T26/(1.10231*0.404686*0.001) -> #N/A | S26: =R26*0.892179122 -> #N/A | T26: =VLOOKUP($B26,'%C values'!$M:$O,3,FALSE) -> #N/A | U26: =VLOOKUP(B26,'%C values'!T:U,2,FALSE) -> #N/A | V26: =X26/(1.10231*0.404686*0.001) -> #N/A | W26: =V26*0.892179122 -> #N/A | X26: =VLOOKUP($B26,'%C values'!$T:$V,3,FALSE) -> #N/A
A27: =VLOOKUP(B27,'Sample ID by Horizon'!A:B,2,FALSE) -> 42275 | B27: X11.66.H1 | C27: 2 | D27: 64.468 | E27: 5 | F27: 69.271 | G27: 4.843 | H27: =IFERROR((E27-G27)/E27*100,"") -> 3.14 | I27: =I26 -> 3.230176 | J27: =J26 -> 1.5504845 | K27: =K26 -> #N/A | L27: =L26 -> #N/A | M27: =VLOOKUP(B27,'%C values'!$B:$J,5,FALSE) -> #N/A | N27: =VLOOKUP(B27,'%C values'!$B:$J,9,FALSE) -> #N/A | O27: =N27*0.892179122 -> #N/A | P27: =N27* 1.10231*0.404686*0.001 -> #N/A | Q27: =VLOOKUP($B27,'%C values'!$M:$O,2,FALSE) -> #N/A | R27: =T27/(1.10231*0.404686*0.001) -> #N/A | S27: =R27*0.892179122 -> #N/A | T27: =VLOOKUP($B27,'%C values'!$M:$O,3,FALSE) -> #N/A | U27: =VLOOKUP(B27,'%C values'!T:U,2,FALSE) -> #N/A | V27: =X27/(1.10231*0.404686*0.001) -> #N/A | W27: =V27*0.892179122 -> #N/A | X27: =VLOOKUP($B27,'%C values'!$T:$V,3,FALSE) -> #N/A
A28: =VLOOKUP(B28,'Sample ID by Horizon'!A:B,2,FALSE) -> 42275 | B28: X11.66.H1 | C28: 3 | D28: 65.732 | E28: 5 | F28: 70.515 | G28: 4.84 | H28: =IFERROR((E28-G28)/E28*100,"") -> 3.2 | I28: =I26 -> 3.230176 | J28: =J26 -> 1.5504845 | K28: =K26 -> #N/A | L28: =L26 -> #N/A | M28: =VLOOKUP(B28,'%C values'!$B:$J,5,FALSE) -> #N/A | N28: =VLOOKUP(B28,'%C values'!$B:$J,9,FALSE) -> #N/A | O28: =N28*0.892179122 -> #N/A | P28: =N28* 1.10231*0.404686*0.001 -> #N/A | Q28: =VLOOKUP($B28,'%C values'!$M:$O,2,FALSE) -> #N/A | R28: =T28/(1.10231*0.404686*0.001) -> #N/A | S28: =R28*0.892179122 -> #N/A | T28: =VLOOKUP($B28,'%C values'!$M:$O,3,FALSE) -> #N/A | U28: =VLOOKUP(B28,'%C values'!T:U,2,FALSE) -> #N/A | V28: =X28/(1.10231*0.404686*0.001) -> #N/A | W28: =V28*0.892179122 -> #N/A | X28: =VLOOKUP($B28,'%C values'!$T:$V,3,FALSE) -> #N/A
A29: =VLOOKUP(B29,'Sample ID by Horizon'!A:B,2,FALSE) -> 42275 | B29: X11.66.H1 | C29: 4 | D29: 69.409 | E29: 4.999 | F29: 74.192 | G29: 4.823 | H29: =IFERROR((E29-G29)/E29*100,"") -> 3.5207041 | I29: =I26 -> 3.230176 | J29: =J26 -> 1.5504845 | K29: =K26 -> #N/A | L29: =L26 -> #N/A | M29: =VLOOKUP(B29,'%C values'!$B:$J,5,FALSE) -> #N/A | N29: =VLOOKUP(B29,'%C values'!$B:$J,9,FALSE) -> #N/A | O29: =N29*0.892179122 -> #N/A | P29: =N29* 1.10231*0.404686*0.001 -> #N/A | Q29: =VLOOKUP($B29,'%C values'!$M:$O,2,FALSE) -> #N/A | R29: =T29/(1.10231*0.404686*0.001) -> #N/A | S29: =R29*0.892179122 -> #N/A | T29: =VLOOKUP($B29,'%C values'!$M:$O,3,FALSE) -> #N/A | U29: =VLOOKUP(B29,'%C values'!T:U,2,FALSE) -> #N/A | V29: =X29/(1.10231*0.404686*0.001) -> #N/A | W29: =V29*0.892179122 -> #N/A | X29: =VLOOKUP($B29,'%C values'!$T:$V,3,FALSE) -> #N/A
A30: =VLOOKUP(B30,'Sample ID by Horizon'!A:B,2,FALSE) -> 42275 | B30: X11.67.H1 | C30: 1 | D30: 63.065 | E30: 4.999 | F30: 67.825 | G30: =F30-D30 -> 4.76 | H30: =IFERROR((E30-G30)/E30*100,"") -> 4.7809562 | I30: =AVERAGE(H30:H33) -> 4.7507161 | J30: =I30*0.48 -> 2.2803437 | K30: =M30/100*VLOOKUP(B30,'Bulk Density'!$D:$Q,14,FALSE) -> #N/A | L30: =K30*0.892179122 -> #N/A | M30: =VLOOKUP(B30,'%C values'!$B:$J,5,FALSE) -> #N/A | N30: =VLOOKUP(B30,'%C values'!$B:$J,9,FALSE) -> #N/A | O30: =N30*0.892179122 -> #N/A | P30: =N30* 1.10231*0.404686*0.001 -> #N/A | Q30: =VLOOKUP($B30,'%C values'!$M:$O,2,FALSE) -> #N/A | R30: =T30/(1.10231*0.404686*0.001) -> #N/A | S30: =R30*0.892179122 -> #N/A | T30: =VLOOKUP($B30,'%C values'!$M:$O,3,FALSE) -> #N/A | U30: =VLOOKUP(B30,'%C values'!T:U,2,FALSE) -> #N/A | V30: =X30/(1.10231*0.404686*0.001) -> #N/A | W30: =V30*0.892179122 -> #N/A | X30: =VLOOKUP($B30,'%C values'!$T:$V,3,FALSE) -> #N/A
A31: =VLOOKUP(B31,'Sample ID by Horizon'!A:B,2,FALSE) -> 42275 | B31: X11.67.H1 | C31: 2 | D31: 64.466 | E31: 4.999 | F31: 69.222 | G31: =F31-D31 -> 4.756 | H31: =IFERROR((E31-G31)/E31*100,"") -> 4.8609722 | I31: =I30 -> 4.7507161 | J31: =J30 -> 2.2803437 | K31: =K30 -> #N/A | L31: =L30 -> #N/A | M31: =VLOOKUP(B31,'%C values'!$B:$J,5,FALSE) -> #N/A | N31: =VLOOKUP(B31,'%C values'!$B:$J,9,FALSE) -> #N/A | O31: =N31*0.892179122 -> #N/A | P31: =N31* 1.10231*0.404686*0.001 -> #N/A | Q31: =VLOOKUP($B31,'%C values'!$M:$O,2,FALSE) -> #N/A | R31: =T31/(1.10231*0.404686*0.001) -> #N/A | S31: =R31*0.892179122 -> #N/A | T31: =VLOOKUP($B31,'%C values'!$M:$O,3,FALSE) -> #N/A | U31: =VLOOKUP(B31,'%C values'!T:U,2,FALSE) -> #N/A | V31: =X31/(1.10231*0.404686*0.001) -> #N/A | W31: =V31*0.892179122 -> #N/A | X31: =VLOOKUP($B31,'%C values'!$T:$V,3,FALSE) -> #N/A
